200701057,IT Pinkenba,Notebook,TRAINING24,5.1.2600
200800358,Eagers Holden Windsor,Notebook,EWNGMGR,5.1.2600
200800359,Corporate Office Fortitude Valley,PC,APCORPA,5.1.2600
200800372,PAG Fortitude Valley,PC,AUJSVC1,5.1.2600
200800376,Porsche Centre Brisbane Newstead,PC,AUPSVC3,5.1.2600
200800425,Eagers Mazda Newstead,PC,EMZSVC1,5.1.2600
200800526,Metro Ford Eagle Farm,Notebook,APCORPIT4,5.1.2600
200800608,Austral VW Newstead,PC,AUWSVC8,5.1.2600
200800609,Southside Toyota Woolloongabba,PC,SSTSVC7,5.1.2600
200800611,Corporate Office Fortitude Valley,PC,APCORP1,5.1.2600
200800613,Eagers Kia Kedron,PC,EKEPTS1,5.1.2600
200800628,IT Brisbane,Notebook,PHOENIX,6.1.7601
200800643,Eagers Holden Windsor,PC,EWNWTY,5.1.2600
200800644,Eagers Mitsubishi Newstead,PC,EMISHOA,5.1.2600
200800649,Austral VW Newstead,PC,AUWSVC7,5.1.2600
200800650,Southside Honda Buranda,PC,SSHCRM1,5.1.2600
200800654,Austral PAG Fortitude Valley,Notebook,AUJGMGR,5.1.2600
200800662,Eagers Holden Windsor,PC,ENSSVCF,5.1.2600
200800664,BMA Pinkenba,PC,BMA062,5.1.2600
200800666,Eagers Kia Service Kedron,PC,EKESVC4,5.1.2600
200800667,Southside Toyota Woolloongabba,PC,SSTPTS5,5.1.2600
200800668,BMA Pinkenba,PC,BMA054,5.1.2600
200800672,Eagers Mazda Newstead,Notebook,EMZSHO5,5.1.2600
200800682,IT Pinkenba,Notebook,APE-LAB1,5.1.2600
200800684,IT Pinkenba,PC,APCORPITQ,5.1.2600
200800685,Eagers Mazda Newstead,PC,EMZRCPT,5.1.2600
200800692,Torque Ford North Lakes,PC,FCWSVC1,6.1.7601
200800703,Subaru City Newstead,PC,CAGPTS1,5.1.2600
200800704,Metro Parts Eagle Farm,PC,MTPPTSN,5.1.2600
200800727,Austral VW Newstead,PC,AUWRCPT,5.1.2600
200800728,Torque Ford North Lakes,PC,TFNSVC5,5.1.2600
200800730,Torque Ford Admin,PC,TADMINA,5.1.2600
200800742,IT Pinkenba,Notebook,AP0800742,6.1.7601
200800746,IT Pinkenba,Notebook,AP0800746,6.1.7601
200800754,Metro Ford Fortitude Valley,Notebook,MFNSHO1,5.1.2600
200800756,IT Pinkenba,Notebook,AP0800756,6.1.7601
200800758,Metro Ford Fortitude Valley,Notebook,MFNSVC4,5.1.2600
200800759,Bridge Toyota Darwin,Notebook,BTDWORKSHOP06,6.1.7601
200800760,Bridge Toyota Darwin,Notebook,BTDTRAINING01,6.1.7601
200800762,Metro Ford Fortitude Valley,Notebook,MFNSHO7,5.1.2600
200800764,Southside Toyota Woolloongabba,Notebook,SSTPTSE,5.1.2600
200800770,Gympie Road Wholesale Cars,PC,GRWSHO8,6.1.7601
200800774,Gympie Road Wholesale Cars,PC,GRWSHO3,6.1.7601
200702023,Caloundra City Mitsubishi,PC,CCMSHO5,6.1.7600
200702024,Caloundra City Suzuki,PC,CCSSHO1,5.1.2600
200702031,Caloundra City Holden,PC,CCAPTS4,5.1.2600
200702035,Caloundra City Holden,PC,CCAPTS6,5.1.2600
200800804,Metro Parts Eagle Farm,PC,MTPPTSF,5.1.2600
200800805,Metro Ford Fortitude Valley,PC,MFVSVC2,5.1.2600
200800808,Torque Toyota North Lakes,PC,TTNSVC4,5.1.2600
200800809,Porsche Centre Brisbane Newstead,PC,AUPGMGR,5.1.2600
200800811,Eagers Holden Newstead,PC,ENSSVCP,5.1.2600
200800816,IT Pinkenba,Notebook,APTRN800816,6.1.7601
200800836,Austral VW Newstead,PC,AUWSVC3,5.1.2600
200800837,Subaru City Newstead,PC,SUCSHOD,5.1.2600
200800838,Torque Toyota North Lakes,PC,TTNSVC5,5.1.2600
200800844,Southside Toyota Mt Gravatt,PC,SMTSVC7,5.1.2600
200800847,Metro Ford Fortitude Valley,Notebook,MFNSHO2,5.1.2600
200800848,Metro Ford Fortitude Valley,Notebook,MFNSHO3,5.1.2600
200800853,Austral VW Newstead,PC,AUWSVCK,5.1.2600
200800872,Eagers Mazda Newstead,PC,EMZSVCC,5.1.2600
200800873,Caloundra City Honda,PC,CCHSVC9,5.1.2600
200800897,Austral VW Newstead,Notebook,AUWSHON,5.1.2600
200800900,Caloundra City Holden,PC,CCASHOWE,6.1.7601
200800788,Torque Toyota North Lakes,PC,TTNADM3,5.1.2600
200800952,Subaru Toowong,PC,SUCFIN2,5.1.2600
200800953,Eagers Mitsubishi Newstead,PC,EMISVC8,5.1.2600
200800954,Southside Toyota Woolloongabba,PC,SSTSVC9,5.1.2600
200800956,Metro Ford Fortitude Valley,PC,MFNSVC6,5.1.2600
200800958,Torque Toyota North Lakes,PC,TTNPTSA,5.1.2600
200800969,Caloundra City Holden,Notebook,CCAWEB2,5.1.2600
200800975,Austral Motors Newstead,PC,AUMADM1,5.1.2600
200800978,Eagers Holden Windsor,PC,EWNADM6,5.1.2600
200800981,AUS Curraminidi,PC,AUSSVC9,5.1.2600
200800982,Eagers Kia Kedron,PC,EKESVC9,5.1.2600
200800983,Southside Honda Buranda,PC,SSHSVCA,5.1.2600
200800984,Torque Toyota North Lakes,PC,TTNSVCF,5.1.2600
200800988,Eagers Mazda Newstead,Notebook,EMZSHOC,5.1.2600
200800989,Austral PAG Fortitude Valley,Notebook,AUMADM7,5.1.2600
200800990,Eagers Kia Kedron,Notebook,EKEFIN3,6.1.7601
200800998,IT Pinkenba,Notebook,AP0800995,6.1.7601
200800999,Torque Honda North Lakes,Notebook,TFNSHOE,5.1.2600
20130493,Austral VW Newstead,Notebook,AUWSHO130493,6.1.7601
20130492,Austral Honda Newstead,Notebook,AUHFIN130492,6.1.7601
20130491,Austral VW Newstead,Notebook,AUWSHO130491,6.1.7601
20130490,Subaru City Newstead,Notebook,SUCSHO130490,6.1.7601
20130489,Eagers Holden Windsor,Notebook,EWNSHO130489,6.1.7601
20130488,Infiniti Centre Brisbane,Notebook,INFSHO130488,6.1.7601
20130487,Torque Honda North Lakes,Notebook,THNSHO130487,6.1.7601
20130486,Southside Toyota Woolloongabba,Notebook,SSTPTS130486,6.1.7601
20130485,Southside Honda Buranda,Notebook,SSHADM130485,6.1.7601
20130484,Eagers Mitsubishi Newstead,Notebook,EMISHO130484,6.1.7601
20130483,Subaru City Newstead,Notebook,SUCSHO130483,6.1.7601
20130482,Eagers Mitsubishi Newstead,Notebook,EMIFLT130482,6.1.7601
20130438,Eagers Holden Newstead,PC,ENSPTS130438,6.1.7601
20130437,Eagers Mazda Newstead,PC,EMZPTS130437,6.1.7601
20130436,Eagers Holden Windsor,PC,EWNADM130436,6.1.7601
20130435,Southside Honda Buranda,PC,SSHSHO130435,6.1.7601
20130434,AUS Curraminidi,PC,AUSFIN130434,6.1.7601
20130433,Caloundra City Holden,PC,CCAADM130433,6.1.7601
20130432,Eagers Mitsubishi Newstead,PC,EMISVC130432,6.1.7601
20130431,Southside Toyota Woolloongabba,PC,SSTFLT130431,6.1.7601
20130430,Torque Toyota North Lakes,PC,TTBSHO230430,6.1.7601
20130429,Eagers Mitsubishi Newstead,PC,EMISHO130429,6.1.7601
20130427,Torque Ford Strathpine,Notebook,TFSSVC130427,6.1.7601
20130424,Caloundra City Holden,Notebook,CCAFIN130424,6.1.7601
20130422,Austral VW Newstead,Notebook,AUWSHO130422,6.1.7601
20130421,Torque Ford Strathpine,Notebook,TFSDP130421,6.1.7601
20130420,Torque Ford Strathpine,Notebook,TFSSHO130420,6.1.7601
20130419,Eagers Mazda Newstead,Notebook,EMZSHO130419,6.1.7601
20130418,IT Pinkenba,Zbox,ZBOX-ID65-I7,6.3.9600
20130407,Predelivery Pinkenba,PC,EPDSVC130407,6.1.7601
20130406,Austral PAG Fortitude Valley,PC,AUVSVC130406,6.1.7601
20130405,Southside Toyota Woolloongabba,PC,SSTADM130405,6.1.7601
20130404,Southside Toyota Woolloongabba,PC,SSTADM130404,6.1.7601
20130402,Eagers Mazda Newstead,PC,EMZSVC130402,6.1.7601
20130398,Austral Motors Newstead,PC,AUMMGR130398,6.1.7601
20130361,Torque Toyota Brendale,Tablet PC,TTBDP130361,6.2.9200
20130360,Torque Ford North Lakes,Tablet PC,TFNSHO130360,6.2.9200
20130359,Eagers Holden Newstead,Tablet PC,ENSADM130359,6.2.9200
20130356,IT Pinkenba,Tablet PC,APCORP130356,6.2.9200
20130354,Bridge Toyota Darwin,Zbox,BTDBOARDROOM130,6.1.7601
20130353,Bridge Toyota Darwin,Zbox,BTDPARTS130353,6.1.7601
20130352,Bridge Toyota Darwin,Zbox,BTDPARTS130352,6.1.7601
20130351,Metro Ford Fortitude Valley,Zbox,MFNCDT130351,6.1.7601
20130348,Torque Honda North Lakes,Zbox,TTNSVC120348,6.1.7601
20130344,Bridge Toyota Darwin,PC,BTDPTS130344,6.1.7601
20130343,Bridge Toyota Palmerston,PC,BTPPARTS130343,6.1.7601
20130342,Bridge Toyota Darwin,PC,BTDDAP130342,6.1.7601
20130335,IT Pinkenba,Tablet PC,APCORPIT130335,6.2.9200
20130332,Metro Ford Fortitude Valley,Zbox,MFNCDT130332,6.1.7601
20130327,Austral Honda Newstead,PC,AUHPTS130327,6.1.7601
20130326,Southside Ford Woolloongabba,PC,SSFPTS130326,6.1.7601
20130325,Corporate Payroll,PC,APEPAY130325,6.1.7601
20130324,Corporate QLD/NT Division,PC,APEPTC130324,6.1.7601
20130323,Southside Toyota Mt Gravatt,PC,SMTFIN130323,6.1.7601
20130320,Corporate Office Fortitude Valley,Tablet PC,APCORP130320,6.2.9200
20130319,Austral PAG Fortitude Valley,Notebook,AUMADM130319,6.1.7601
20130317,Porsche Centre Brisbane Newstead,Notebook,AUPSHO130317,6.1.7601
20130316,Eagers Kia Kedron,Notebook,EKKSHO130316,6.1.7601
20130315,Austral Honda Newstead,Notebook,AUHSVC130315,6.1.7601
20130314,Southside Toyota Woolloongabba,Notebook,SSTGMGR130314,6.1.7601
20130313,Eagers Mazda Newstead,Notebook,EMZSHO130313,6.1.7601
20130312,Porsche Centre Brisbane Newstead,Notebook,AUPCRM130312,6.1.7601
20130311,Subaru Toowong,Notebook,SUTSHO130311,6.1.7601
20130310,Eagers Mazda Newstead,Notebook,EMZSHO130310,6.1.7601
20130284,Bridge Toyota Darwin,PC,BTDPTS130284,6.1.7601
20130283,Bridge Toyota Darwin,PC,BTDPTS130283,6.1.7601
20130280,Bridge Toyota Darwin,PC,BTDPTS130280,6.1.7601
20130279,Bridge Toyota Darwin,Notebook,BTDIT130279,6.1.7601
20130278,Bridge Toyota Darwin,Notebook,BTDSALES130278,6.1.7601
20130273,Austral VW Newstead,PC,AUWFIN130273,6.1.7601
20130272,Eagers Holden Newstead,PC,ENSSVC130272,6.1.7601
20130271,Eagers Newstead,PC,ENSPTSE,5.1.2600
20130270,Southside Ford Woolloongabba,PC,SSFSVC130270,6.1.7601
20130269,BMA Pinkenba,PC,BMA130269,6.1.7601
20130268,Southside Ford Woolloongabba,PC,SSFSVC130268,6.1.7601
20130267,PAG Fortitude Valley,PC,AUVSVC130267,6.1.7601
20130266,Southside Toyota Woolloongabba,PC,SSTSVC130266,6.1.7601
20130265,Austral PAG Fortitude Valley,PC,AUVRCPT130265,6.1.7601
20130264,Eagers Holden Windsor,PC,EWNRCPT130264,6.1.7601
20130263,SSV/SSR Buranda,PC,SSRSVC130263,6.1.7601
20130261,BMA Pinkenba,PC,BMASVC130261,6.1.7601
20130260,Eagers Holden Newstead,PC,ENSPTS130260,6.1.7601
20130259,Metro Parts Eagle Farm,PC,EFAPTS130259,6.1.7601
20130258,Torque Ford North Lakes,PC,TFNSHO130258,6.1.7601
20130257,Metro Parts Eagle Farm,PC,EFAPTS130257,6.1.7601
20130256,Torque Honda North Lakes,PC,THNCRM130256,6.1.7601
20130255,Torque Ford Admin,PC,TADMIN130255,6.1.7601
20130254,Southside Honda Woolloongabba,PC,SSTFLT130254,6.1.7601
20130250,Austral Honda Newstead,Notebook,AUHSHO130250,6.1.7601
20130249,Eagers Mazda Newstead,Notebook,EMZSHO130249,6.1.7601
20130248,Torque Ford Strathpine,Notebook,TFSSHO130248,6.1.7601
20130247,Torque Toyota North Lakes,Notebook,TTNSHO130247,6.1.7601
20130246,Caloundra City Mitsubishi,Notebook,CCASHO130246,6.1.7601
20130245,Austral PAG Fortitude Valley,Notebook,AUMADM130245,6.1.7601
20130244,BMA Pinkenba,Notebook,APEBMA130244,6.1.7601
20130243,Southside Toyota Woolloongabba,Notebook,SSTFIN130243,6.1.7601
20130242,Southside Honda Buranda,Notebook,SSHSVC130242,6.1.7601
20130241,Metro Ford Fortitude Valley,Notebook,MFNSHO130241,6.1.7601
20130226,Eagers Mazda Newstead,Notebook,EMZSVC130226,6.1.7601
20130225,Eagers Holden Windsor,PC,EWNWTY130225,6.1.7601
20130224,Eagers Mitsubishi Newstead,PC,ENSPTS130224,6.1.7601
20130223,Austral VW Newstead,PC,AUWGAB130223,6.1.7601
20130222,Austral VW Newstead,PC,AUWSVC130222,6.1.7601
20130221,Torque Ford Admin,PC,TFSADM130221,6.1.7601
20130220,Southside Ford Woolloongabba,PC,SSFSVC130220,6.1.7601
20130219,Metro Parts Eagle Farm,PC,CAGPTS130219,6.1.7601
20130218,Metro Parts Eagle Farm,PC,EFAPTS130218,6.1.7601
20130217,Metro Parts Eagle Farm,PC,EFAPTS130217,6.1.7601
20130216,Metro Parts Eagle Farm,PC,EFAPTS130216,6.1.7601
20130215,BMA Pinkenba,PC,BMA130215,6.1.7601
20130214,Metro Ford Fortitude Valley,PC,MFNFLT130214,6.1.7601
20130213,SSV/SSR Buranda,PC,SSVSVC130213,6.1.7601
20130212,Metro Parts Eagle Farm,PC,EFAPTS0212,6.1.7601
20130211,CAG Parts Eagle Farm,PC,EFAPTS130211,6.1.7601
20130210,Metro Parts Eagle Farm,PC,EFAPTS130210,6.1.7601
20130184,Torque Ford Strathpine,Notebook,TFSUSE130184,6.1.7601
20130183,Corporate Internal Audit,Notebook,APCORP130183,6.1.7601
20130182,Austral PAG Fortitude Valley,Notebook,AUVSVC130182,6.1.7601
20130181,Southside Ford Woolloongabba,Notebook,SSFSVC130181,6.1.7601
20130180,Subaru Toowong,Notebook,SUTSHO130180,6.1.7601
20130179,Austral PAG Fortitude Valley,Notebook,AURSHO130179,6.1.7601
20130178,Subaru Toowong,Notebook,SUTSHO130178,6.1.7601
20130177,Southside Toyota Mt Gravatt,Notebook,SMTSVC130177,6.1.7601
20130175,Metro Parts Eagle Farm,Notebook,MTPPTS130175,6.1.7601
20130165,AUS Curraminidi,PC,AUSPTS130165,6.1.7601
20130164,Metro Parts Eagle Farm,PC,EFAPTS130164,6.1.7601
20130163,Southside Toyota Mt Gravatt,PC,SMTPD130163,6.1.7601
20130162,Metro Parts Eagle Farm,PC,EFAPTS130162,6.1.7601
20130161,Torque Toyota Brendale,PC,TTBSVC130161,6.1.7601
20130156,Torque Ford Admin,PC,TFSADM130156,6.1.7601
20130155,Corporate QLD/NT Division,PC,ZOOS130155,6.1.7601
20130154,Austral PAG Fortitude Valley,PC,EFAPTS0154,6.1.7601
20130153,Austral Honda Newstead,PC,AUHPTS130153,6.1.7601
20130152,Eagers Holden Newstead,PC,ENSPTS130152,6.1.7601
20130151,Austral Motors Newstead,PC,AUHPTS130151,6.1.7601
20130150,Austral VW Newstead,PC,AUWGAB130150,6.1.7601
20130141,Bridge Toyota Darwin,PC,BTDMGR130141,6.1.7601
20130140,Bridge Toyota Darwin,PC,BTDPTS130140,6.1.7601
20130139,Bridge Toyota Palmerston,PC,BTPPD130139,6.1.7601
20130138,Bridge Toyota Darwin,PC,BTDPTS130138,6.1.7601
20130137,Bridge Toyota Darwin,PC,BTDFLEET130137,6.1.7601
20130136,Bridge Toyota Darwin,PC,BTDCRC130136,6.1.7601
20130134,Bridge Toyota Darwin,PC,BTDDP130134,6.1.7601
20130125,Bridge Toyota Palmerston,Notebook,BTPSALES130125,6.1.7601
20130124,Bridge Toyota Darwin,Notebook,BTDACC130124,6.1.7601
20130123,Bridge Toyota Darwin,Notebook,BTDCRC130123,6.1.7601
20130122,Bridge Toyota Darwin,Notebook,AP130122,6.1.7601
20130121,Southside Toyota Woolloongabba,Notebook,SSTFIN130121,6.1.7601
20130120,Torque Honda North Lakes,Notebook,THNSHO130120,6.1.7601
20130119,Southside Honda Buranda,Notebook,SSHSHO130119,6.1.7601
20130118,Austral VW Newstead,Notebook,AUWCZS130118,6.1.7601
20130117,Torque Toyota North Lakes,Notebook,TTNSHO130117,6.1.7601
20130116,Eagers Mazda Newstead,Notebook,EMZSVC130116,6.1.7601
20130115,Eagers Kia Kedron,Notebook,EKESHO130115,6.1.7601
20130114,Eagers Kia Kedron,Notebook,EKESHO130114,6.1.7601
20130113,Eagers Kia Kedron,Notebook,EKEFIN130113,6.1.7601
20130112,Torque Honda North Lakes,Notebook,THNSHO130112,6.1.7601
20130103,Eagers Holden Windsor,Notebook,EWNSHO130103,6.1.7601
20130102,Torque Ford North Lakes,Notebook,TFNSVC130102,6.1.7601
20130101,Corporate Office Fortitude Valley,Notebook,APCORP130101,6.1.7601
20130100,Austral VW Newstead,Notebook,AUWSHO130100,6.1.7601
20130099,Eagers Mitsubishi Newstead,Notebook,EMISHO130099,6.1.7601
20130098,Torque Toyota Brendale,Notebook,TTBFLT130098,6.1.7601
20130097,Subaru City Newstead,Notebook,SUCSVC130097,6.1.7601
20130095,Torque Toyota North Lakes,Notebook,TTNSHO130095,6.1.7601
20130094,Caloundra City Great Wall,Notebook,CCASHO130094,6.1.7601
20130093,Torque Toyota North Lakes,Notebook,TTNSHO130093,6.1.7601
20130091,Eagers Holden Townsville,PC,ETOPTS130091,6.1.7601
20130090,Eagers Holden Townsville,PC,ETOPTS130090,6.1.7601
20130089,Metro Ford Fortitude Valley,PC,MFNSVC130089,6.1.7601
20130088,Subaru Toowong,PC,SUTSVC130088,6.1.7601
20130087,Eagers Holden Newstead,PC,ENSPTS130087,6.1.7601
20130086,Southside Toyota Woolloongabba,PC,SSTUSD130086,6.1.7601
20130085,Southside Honda Buranda,PC,SSHADM130085,6.1.7601
20130084,Subaru City Newstead,PC,SUCSVC130084,6.1.7601
20130083,Eagers Holden Windsor,PC,EWNADM130083,6.1.7601
20130082,Eagers Holden Windsor,PC,ENSADM130082,6.1.7601
20130081,Austral Honda Newstead,PC,AUHSHO130081,6.1.7601
20130080,Eagers Holden Windsor,PC,EWNSVC130080,6.1.7601
20130079,Austral VW Newstead,PC,AUWSVC20130079,6.1.7601
20130078,Eagers Holden Newstead,PC,ENSPTS130078,6.1.7601
20130077,Torque Ford Admin,PC,TFSADM130077,6.1.7601
20130076,Torque Ford Admin,PC,TFSADM130076,6.1.7601
20130075,Caloundra City Mitsubishi,Notebook,CCASHO130075,6.1.7601
20130074,IT Pinkenba,Notebook,APCORP130074,6.1.7601
20130073,Torque Ford Strathpine,Notebook,TFSSHO130073,6.1.7601
20130072,Caloundra City Holden,Notebook,CCASHO130072,6.1.7601
20130071,Eagers Mazda Newstead,Notebook,EMZFIN20130071,6.1.7601
20130070,Torque Ford Strathpine,Notebook,TPDIDS130070,6.1.7601
20130069,Caloundra City Holden,Notebook,CCASHO130069,6.1.7601
20130068,Torque Ford North Lakes,Notebook,TFNSHO130068,6.1.7601
20130067,Subaru City Newstead,Notebook,SUCSHO130067,6.1.7601
20130066,Metro Ford Fortitude Valley,Notebook,TFSADM130066,6.1.7601
20130056,Metro Ford Eagle Farm,PC,MTPPTS130056,6.1.7601
20130055,Metro Parts Eagle Farm,PC,MTPPTS130055,6.1.7601
20130054,Southside Toyota Woolloongabba,PC,SSTSHO130054,6.1.7601
20130053,IT Darwin,PC,BTDIT130053,6.1.7601
20130052,Bridge Toyota Darwin,PC,BTDSHO130052,6.1.7601
20130051,Bridge Toyota Darwin,PC,BTDWKS130051,6.1.7601
20130050,Bridge Toyota Darwin,PC,BTDMGR130050,6.1.7601
20130049,Bridge Toyota Palmerston,PC,BTPMGR130049,6.1.7601
20130048,AUS Curraminidi,PC,AUSUSE130048,6.1.7601
20130047,AUS Curraminidi,PC,AUSSHO130047,6.1.7601
20130029,Metro Parts Eagle Farm,Notebook,MTPPTS130029,6.1.7601
20130028,Metro Parts Eagle Farm,Notebook,MTPPTS130028,6.1.7601
20130027,BMA Pinkenba,Notebook,BMA130027,6.1.7601
20130026,Torque Honda North Lakes,Notebook,TFSPTS130026,6.1.7601
20130025,Corporate QLD/NT Division,Notebook,APCORP130025,6.1.7601
20130024,Torque Toyota Brendale,Notebook,TTBFLT130024,6.1.7601
20130023,Austral PAG Fortitude Valley,Notebook,AUMADM130023,6.1.7601
20130022,Caloundra City Holden,Notebook,CCAIDS130022,6.1.7601
20130021,Caloundra City Holden,Notebook,CCAFIN130021,6.1.7601
20130020,IT Pinkenba,Notebook,APCORPIT130020,6.1.7601
20130013,Caloundra City Holden,Notebook,CCASHO130013,6.1.7601
20130012,Caloundra City Holden,Notebook,CCASHO130012,6.1.7601
20130011,Caloundra City Holden,Notebook,CCASHO130011,6.1.7601
20130010,Caloundra City Holden,Notebook,CCASHO130010,6.1.7601
20130009,Caloundra City Holden,Notebook,CCASHO130009,6.1.7601
20130008,Caloundra City Holden,Notebook,CCASHO130008,6.1.7601
20130007,Caloundra City Honda,Notebook,CCASHO130007,6.1.7601
20130006,Caloundra City Holden,Notebook,CCASHO130006,6.1.7601
20100001,Metro Ford Fortitude Valley,PC,MFVADMF,5.1.2600
20100003,Eagers Mazda Newstead,PC,EMZSVC2,5.1.2600
20100005,Porsche Centre Brisbane Newstead,PC,UNKNOWN,(No Version Info)
20100007,Eagers Holden Windsor,PC,EWNSVC8,5.1.2600
20100008,Metro Ford Fortitude Valley,PC,MFVSHOF,5.1.2600
20100018,Bridge Toyota Darwin,Notebook,BTDBOARDROOM,6.1.7600
20100025,Torque Ford Admin,Notebook,TFSSVCD,5.1.2600
20100026,Torque Ford North Lakes,Notebook,TFNSHOC,5.1.2600
20100027,Torque Toyota Brendale,Notebook,TTBSHOR,5.1.2600
20100044,Metro Ford Fortitude Valley,PC,MFNSVC7,5.1.2600
20100050,Porsche Centre Brisbane Newstead,Notebook,AUPSHOD,5.1.2600
20100051,Torque Ford North Lakes,Notebook,TFNSHOB,5.1.2600
20100052,Eagers Holden Newstead,Notebook,ENSPTSL,5.1.2600
20100053,Austral PAG Fortitude Valley,Notebook,AUVMOB1,5.1.2600
20100054,Torque Ford North Lakes,Notebook,TFNSHOD,5.1.2600
20100055,Southside Toyota Mt Gravatt,PC,SMTSVCA,5.1.2600
20100057,Eagers Mitsubishi Newstead,PC,EMISVCB,5.1.2600
20100058,Eagers Kia Service Kedron,PC,EKESVC3,5.1.2600
20100059,Porsche Centre Brisbane Newstead,PC,AUPSVC9,5.1.2600
20100061,Southside Honda Buranda,PC,SSHSVCE,5.1.2600
20100062,Eagers Kia Service Kedron,PC,EKESVC1,5.1.2600
20100063,Southside Toyota Woolloongabba,PC,SSTPTS,5.1.2600
20100066,Metro Ford Fortitude Valley,Notebook,MFNIDS4,5.1.2600
20100068,Metro Ford Fortitude Valley,Notebook,MFNSHO4,5.1.2600
20100069,IT Pinkenba,Notebook,AP100069,6.1.7601
20100070,Metro Ford Fortitude Valley,Notebook,MFNIDS3,5.1.2600
20100071,Eagers Kia Kedron,Notebook,EKESHO9,5.1.2600
20100074,Torque Toyota North Lakes,Notebook,TTNSHOE,5.1.2600
20100076,IT Pinkenba,Notebook,APTRN100076,6.1.7601
20100082,Torque Toyota Brendale,Notebook,TTBSHO100082,6.1.7601
20100084,IT Pinkenba,Notebook,AP100084,6.1.7601
20100085,Porsche Centre Brisbane Newstead,Notebook,AUPRCPT4,5.1.2600
20100086,Southside Toyota Woolloongabba,Notebook,SSTSVC6X,5.1.2600
20100089,Torque Toyota North Lakes,Notebook,TTNSHOB,5.1.2600
20100090,Panel Shop Brendale,Notebook,TSBSVC4,5.1.2600
20100096,Torque Ford North Lakes,PC,TFNSVC100096,6.1.7601
20100097,Torque Honda North Lakes,PC,UNKNOWN,(No Version Info)
20100099,Eagers Holden Windsor,PC,EWNSVCG,5.1.2600
20100103,Eagers Holden Windsor,PC,EWNSVC1,5.1.2600
20100104,Austral VW Newstead,PC,AUWSVCR,5.1.2600
20100105,Metro Ford Fortitude Valley,PC,MFVRCPT1,5.1.2600
20100110,Austral VW Newstead,Notebook,AUWWTY100110,5.1.2600
20100111,Austral VW Newstead,Notebook,AUWSHOH,5.1.2600
20100113,Austral PAG Fortitude Valley,Notebook,CAPSVC7,5.1.2600
20100114,Austral VW Newstead,Notebook,AUWSHOQ,5.1.2600
20100122,Bridge Toyota Darwin,PC,BTDWKS100122,6.1.7601
20100123,Bridge Toyota Darwin,PC,BTDSRV100123,6.1.7601
20100125,Bridge Toyota Darwin,PC,BTDPARTS100125,6.1.7601
20100126,Bridge Toyota Darwin,PC,BTDSVR100126,6.1.7601
20100127,Bridge Toyota Darwin,PC,BTDSRV100127,6.1.7601
20100139,Caloundra City Honda,PC,CCHSVCA,5.1.2600
20100140,AUS Curraminidi,PC,AUSPTS2,5.1.2600
20100144,Eagers Holden Newstead,PC,ENSPTSO,5.1.2600
20100146,Southside Toyota Woolloongabba,PC,SSTSHO4,5.1.2600
20100148,BMA Pinkenba,PC,BMA043,5.1.2600
20100155,Metro Ford Fortitude Valley,Notebook,MFVFIN1,5.1.2600
20100156,Porsche Centre Brisbane Newstead,Notebook,AUPSHO9,5.1.2600
20100157,PAG Fortitude Valley,Notebook,AURSHO7,5.1.2600
20100161,Eagers Holden Newstead,PC,ENSPTST,5.1.2600
20100163,Eagers Kia Kedron,PC,EKESHOK,5.1.2600
20100164,Southside Toyota Woolloongabba,PC,SSTPTS8,5.1.2600
20100166,Metro Parts Eagle Farm,PC,MTPPTSREC,5.1.2600
20100170,Eagers Mitsubishi Newstead,PC,ENSADMY,5.1.2600
20100208,Porsche Centre Brisbane Newstead,Notebook,APTRN100208,6.1.7601
20100209,Porsche Centre Brisbane Newstead,Notebook,AUPSHO8,5.1.2600
20100210,Torque Ford North Lakes,Notebook,TFNSHOF,5.1.2600
20100211,Torque Toyota North Lakes,Notebook,TTNSVCD,5.1.2600
20100212,Eagers Holden Windsor,Notebook,EWNCRM1,5.1.2600
20100213,Torque Ford North Lakes,Notebook,TFNSVCA,5.1.2600
20100219,Bridge Toyota Darwin,PC,BTDSRV100219,6.1.7601
20100221,Torque Honda North Lakes,PC,THTRN1,5.1.2600
20100222,Caloundra City Honda,PC,CCAADMD,5.1.2600
20100223,BMA Pinkenba,PC,BMA078,5.1.2600
20100224,Eagers Holden Newstead,PC,ENSPTS1,5.1.2600
20100227,Metro Parts Eagle Farm,PC,MTPPTSO,5.1.2600
20100228,BMA Pinkenba,PC,BMA045,5.1.2600
20100229,BMA Pinkenba,PC,BMA044,5.1.2600
20100230,BMA Pinkenba,PC,BMA020,5.1.2600
20100236,Southside Toyota Woolloongabba,Notebook,SSTSHOG,5.1.2600
20100237,Metro Parts Eagle Farm,Notebook,CAGPTSZ,5.1.2600
20100239,Caloundra City Holden,Notebook,CCAUSE100239,6.1.7601
20100240,Eagers Holden Windsor,Notebook,EWNSHOA,5.1.2600
20100243,Metro Parts Eagle Farm,Notebook,AP100243,6.1.7601
20100245,Subaru City Newstead,Notebook,SUCSHO8,5.1.2600
20100246,AUS Curraminidi,PC,AUSSHOB,5.1.2600
20100247,AUS Curraminidi,PC,AUSSHOD,5.1.2600
20100248,Eagers Holden Windsor,PC,EWNSHOE,5.1.2600
20100251,Eagers Holden Newstead,PC,ENSSVCB,5.1.2600
20100253,Austral PAG Fortitude Valley,PC,AUJSHO3,5.1.2600
20100266,Austral VW Newstead,Notebook,AUWSHOR,5.1.2600
20100267,Austral Honda Newstead,Notebook,AUHSHOA,5.1.2600
20100277,Bridge Toyota Darwin,PC,BTDUSEDM100277,5.1.2600
20100283,Subaru Toowong,PC,SUTSVC8,5.1.2600
20100284,Southside Ford Woolloongabba,PC,SSFSVCA,5.1.2600
20100285,Metro Ford Fortitude Valley,PC,MFVSHOC,5.1.2600
20100286,Caloundra City Holden,PC,CCHMGR1,6.1.7601
20100287,IT Pinkenba,PC,DARC,6.1.7601
20100288,Metro Parts Eagle Farm,PC,MTPPTSD,5.1.2600
20100290,Southside Honda Buranda,PC,SSHSHOH,5.1.2600
20100291,Subaru Toowong,PC,SUTSVC3,5.1.2600
20100310,Metro Ford Fortitude Valley,Notebook,MFNSHO5,5.1.2600
20100311,Metro Ford Fortitude Valley,Notebook,MFVSHOQ,5.1.2600
20100312,Subaru City Newstead,Notebook,SUTSHOE,5.1.2600
20100313,Torque Subaru Brendale,Notebook,TSBSHOA,5.1.2600
20100316,Torque Ford North Lakes,Notebook,TFNSMRGA,5.1.2600
20100317,Southside Ford Woolloongabba,Notebook,SSFIDS100317,5.1.2600
20100318,IT Pinkenba,Notebook,AP100318,6.1.7601
20100319,Eagers Holden Windsor,Notebook,EWNSHOQ,5.1.2600
20100320,IT Pinkenba,Notebook,AP100320,6.1.7601
20110004,Southside Ford Woolloongabba,PC,SSFWSHOP110004,5.1.2600
20110005,Austral Honda Newstead,PC,AUHRCPT1,5.1.2600
20110006,Torque Toyota North Lakes,PC,TTNSVCA,5.1.2600
20110007,Torque Toyota Brendale,PC,TTBSVCF,5.1.2600
20110008,Bridge Toyota Darwin,PC,BTDFLEETS110008,6.1.7601
20110010,Austral VW Newstead,PC,AUWSVC110010,5.1.2600
20110011,Eagers Kia Kedron,PC,EKESHO4,5.1.2600
20110013,Corporate Payroll,PC,CORPPAY4,5.1.2600
20110014,Torque Ford Strathpine,PC,TFSUSDA,5.1.2600
20110015,Torque Ford Strathpine,PC,TFSPTS110015,5.1.2600
20110016,Torque Ford North Lakes,PC,TFNPD1,5.1.2600
20110017,Austral PAG Fortitude Valley,PC,AUVSHO7,5.1.2600
20110018,Austral VW Newstead,PC,AUWSVCA,5.1.2600
20110020,IT Pinkenba,PC,APCORPITU,6.1.7601
20110021,Southside Toyota Woolloongabba,PC,SSTSVCD,5.1.2600
20110022,Subaru City Newstead,PC,SUCSVCB,5.1.2600
20110023,Austral VW Newstead,PC,AUWSHOI,5.1.2600
20110024,Southside Toyota Mt Gravatt,Notebook,SMTSHOJ,5.1.2600
20110025,Southside Toyota Mt Gravatt,Notebook,SMTSHOG,5.1.2600
20110026,Southside Toyota Mt Gravatt,Notebook,SMTSHOH,5.1.2600
20110027,Torque Honda North Lakes,Notebook,THNSVCB,5.1.2600
20110028,Torque Ford North Lakes,Notebook,TFNWSP1,5.1.2600
20110029,Torque Honda North Lakes,Notebook,THNSVCA,6.1.7600
20110030,Southside Toyota Mt Gravatt,PC,SMTRCPT,5.1.2600
20110031,Torque Toyota North Lakes,PC,TTNSHO110031,6.1.7601
20110032,Torque Ford Admin,PC,TADMING,5.1.2600
20110033,Torque Ford Strathpine,PC,TFSPTSA,5.1.2600
20110034,Torque Toyota North Lakes,PC,TTNSVC110034,5.1.2600
20110035,Torque Honda North Lakes,PC,THNFIN110035,6.1.7601
20110036,Eagers Holden Newstead,PC,ENSPTSBX,5.1.2600
20110037,Metro Ford Fortitude Valley,PC,MFVSHOM,5.1.2600
20110038,Southside Toyota Woolloongabba,PC,SSTSVCB,5.1.2600
20110039,Torque Ford Strathpine,PC,TFMGR1,5.1.2600
20110055,Corporate Payroll,PC,CORPPAY6,5.1.2600
20110056,Eagers Holden Newstead,PC,EMISHO9,5.1.2600
20110057,Metro Ford Fortitude Valley,PC,MFVPTS1,5.1.2600
20110058,Austral PAG Fortitude Valley,PC,AUVPTS110058,5.1.2600
20110059,Southside Toyota Woolloongabba,PC,SSTSVC2,5.1.2600
20110060,Metro Ford Fortitude Valley,PC,MFNSHOJ,5.1.2600
20110061,Austral VW Newstead,PC,AUWSHO2,5.1.2600
20110062,Metro Ford Fortitude Valley,PC,MFVADM9,5.1.2600
20110063,Torque Toyota Brendale,PC,TTBSVCG,5.1.2600
20110064,Torque Honda North Lakes,PC,THNPTSA,5.1.2600
20110065,Torque Honda North Lakes,PC,TCRA1,5.1.2600
20110066,Southside Toyota Woolloongabba,PC,SSTSVC8,5.1.2600
20110067,BMA Pinkenba,PC,BMA051,5.1.2600
20110068,BMA Pinkenba,PC,BMA048,5.1.2600
20110069,Torque Ford North Lakes,PC,TFNFIN2,5.1.2600
20110070,IT Pinkenba,PC,SSTSVC110070,6.1.7601
20110071,Austral Honda Newstead,PC,AUHSHOL,5.1.2600
20110073,IT Pinkenba,Notebook,APCORPITSSD,6.1.7601
20110074,Eagers Holden Windsor,Notebook,EWNSHOY,6.1.7601
20110075,IT Pinkenba,Notebook,APCORPITW,6.1.7601
20110076,IT Pinkenba,Notebook,APTRN110076,6.1.7601
20110077,Subaru City Newstead,Notebook,SUCSHOH,5.1.2600
20110078,Southside Toyota Woolloongabba,Notebook,SSTPTSC,5.1.2600
20110079,IT Pinkenba,Notebook,AP110079,6.1.7601
20110080,Austral VW Newstead,Notebook,APCORPU,5.1.2600
20110089,Metro Toowoomba Toowoomba,PC,MRTPTS4,5.1.2600
20110098,Bridge Toyota Darwin,PC,BTDADMIN110098,6.1.7601
20110111,IT Pinkenba,Notebook,AP110111,6.1.7601
20110112,Subaru Toowong,Notebook,SUTSHOP,5.1.2600
20110113,Torque Toyota Brendale,Notebook,TFNSHOC,5.1.2600
20110115,Austral Motors Newstead,Notebook,AUMADM2,5.1.2600
20110116,Eagers Mazda Newstead,Notebook,EMZSHOF,5.1.2600
20110119,Austral Honda Newstead,PC,AUHSHON,5.1.2600
20110120,Austral Honda Newstead,PC,AUHSHOK,5.1.2600
20110122,Austral Honda Newstead,PC,AUHSHOJ,5.1.2600
20110123,Austral Honda Newstead,PC,AUHSHOM,5.1.2600
20110124,Austral PAG Fortitude Valley,PC,AURSHOA,5.1.2600
20110125,Torque Subaru Brendale,PC,TSBSVC6,5.1.2600
20110126,Torque Toyota North Lakes,PC,TTNPTSE,5.1.2600
20110127,Torque Toyota North Lakes,PC,TCR11,5.1.2600
20110128,Torque Toyota North Lakes,PC,TTNPTSB,5.1.2600
20110129,Torque Toyota North Lakes,PC,TTNPTSC,5.1.2600
20110130,Austral PAG Fortitude Valley,PC,AUMREGO,5.1.2600
20110132,Southside Toyota Woolloongabba,PC,SSTSVCF,5.1.2600
20110133,Metro Ford Fortitude Valley,PC,MFNADM5,5.1.2600
20110134,Austral Honda Newstead,PC,AUHSVC3,5.1.2600
20110135,Southside Toyota Woolloongabba,PC,SSTSVC110135,5.1.2600
20110136,Austral Honda Newstead,PC,AUHSVC1,5.1.2600
20110160,Torque Toyota Brendale,Notebook,TTBMKT1,5.1.2600
20110161,Southside Ford Woolloongabba,Notebook,SSFIDSA,6.1.7601
20110163,Porsche Centre Brisbane Newstead,Notebook,APWSHO1,5.1.2600
20110164,Eagers Holden Windsor,Notebook,EWNSHO7X,6.1.7601
20110165,Metro Ford Fortitude Valley,Notebook,MFNSHO6,5.1.2600
20110182,Southside Toyota Woolloongabba,PC,SSTPTS3,5.1.2600
20110183,Austral PAG Fortitude Valley,PC,AURSHO1X,5.1.2600
20110184,Corporate Office Fortitude Valley,PC,APCORPM,5.1.2600
20110196,Torque Honda North Lakes,Notebook,THNSHOB,5.1.2600
20110197,Eagers Holden Newstead,Notebook,ENSIDS110197,5.1.2600
20110198,Porsche Centre Brisbane Newstead,Notebook,APWSHO2,5.1.2600
20110199,Eagers Mazda Newstead,Notebook,EMZSHOK,5.1.2600
20110200,Caloundra City Honda,PC,CCHSHOK,5.1.2600
20110201,AUS Curraminidi,PC,AUSADM7,5.1.2600
20110202,Eagers Holden Windsor,PC,EWNSHOD,5.1.2600
20110203,Eagers Holden Newstead,PC,ENSPTSA,5.1.2600
20110204,Austral Honda Newstead,PC,AUHSVC6,5.1.2600
20110205,Eagers Mitsubishi Newstead,PC,EMISHO8,5.1.2600
20110206,Southside Toyota Woolloongabba,PC,SSTSRCPT,5.1.2600
20110207,Southside Toyota Mt Gravatt,PC,SMTSVCD,5.1.2600
20110208,Corporate Office Fortitude Valley,PC,APCORPY,5.1.2600
20110209,Austral PAG Fortitude Valley,PC,AURSVC9,5.1.2600
20110210,Torque Ford North Lakes,PC,TFNSVCD,5.1.2600
20110211,Torque Toyota North Lakes,PC,TTNFIN110211,6.1.7601
20110212,Austral VW Newstead,PC,AUWSVCM,6.1.7601
20110213,Eagers Holden Windsor,PC,EWNSHOC,5.1.2600
20110214,Austral VW Newstead,PC,AUWSVCL,5.1.2600
20110215,Subaru City Newstead,PC,SUCSVC8,5.1.2600
20110216,Austral VW Newstead,PC,AUWSVCN,5.1.2600
20110218,Bridge Toyota Darwin,PC,BTDADMIN110218,6.1.7601
20110219,Bridge Toyota Darwin,PC,BTDFLT110219,6.1.7600
20110228,Southside Toyota Woolloongabba,Notebook,SSTSHO8,6.1.7601
20110229,Subaru City Newstead,Notebook,SUCSHOE,6.1.7601
20110230,Infiniti Centre Brisbane,Notebook,APCORPT,6.1.7601
20110231,Torque Ford North Lakes,Notebook,APCORP12,6.1.7601
20110233,Southside Toyota Woolloongabba,Notebook,SSTSHOJ,6.1.7601
20110234,Caloundra City Holden,Notebook,CCAADMB,6.1.7601
20110235,Torque Ford Strathpine,Notebook,TFSSVCB,6.1.7601
20110236,Subaru City Newstead,PC,SUCSVC110236,6.1.7601
20110238,Eagers Holden Windsor,PC,EWNSHOT,5.1.2600
20110239,Eagers Holden Newstead,PC,ENSPTSV,5.1.2600
20110240,Southside Toyota Woolloongabba,PC,SSTFLT2,5.1.2600
20110241,Austral PAG Fortitude Valley,PC,AURSHO110241,5.1.2600
20110242,Southside Toyota Woolloongabba,PC,SSTPTSA,5.1.2600
20110243,Torque Subaru Brendale,PC,CAGADM5,5.1.2600
20110244,Eagers Holden Windsor,PC,EWNSHOU,5.1.2600
20110245,Panel Shop Brendale,PC,MPBSVC1,5.1.2600
20110246,Torque Toyota Pre-delivery,PC,TTBPDF,5.1.2600
20110247,Southside Toyota Woolloongabba,PC,SSTSVC110247,6.1.7601
20110248,Predelivery Pinkenba,PC,EPDSVC4,5.1.2600
20110249,Austral Honda Newstead,PC,AUHSHO9,5.1.2600
20110250,Metro Parts Eagle Farm,PC,MTPPTSU,5.1.2600
20110251,Southside Honda Buranda,PC,SSHSHO6,5.1.2600
20110252,Torque Ford North Lakes,PC,TFNWSVC1,5.1.2600
20110253,Caloundra City Holden,PC,CCAFIN7,5.1.2600
20110260,Bridge Toyota Palmerston,PC,BTPSVR110260,6.1.7601
20110261,Bridge Toyota Palmerston,PC,BTPSVCMGR,5.1.2600
20110262,Subaru City Newstead,PC,SUCRCPT,5.1.2600
20110264,Southside Toyota Woolloongabba,PC,SSTFLT4,5.1.2600
20110265,Porsche Centre Brisbane Newstead,PC,AUPSVC6,5.1.2600
20110266,Corporate Office Fortitude Valley,PC,APCORP0,5.1.2600
20110267,Southside Honda Buranda,PC,SSHSHO9X,5.1.2600
20110268,Metro Ford Eagle Farm,PC,CAGPTSC,5.1.2600
20110269,Southside Toyota Woolloongabba,PC,SSTFIN,5.1.2600
20110270,Torque Ford Strathpine,PC,TFSFIN1,5.1.2600
20110272,Southside Toyota Woolloongabba,Notebook,SSTSHOK,6.1.7601
20110273,Metro Parts Eagle Farm,Notebook,MTPPTSJ,6.1.7601
20110274,Southside Toyota Woolloongabba,Notebook,SSTSHOL,6.1.7601
20110275,Southside Toyota Mt Gravatt,Notebook,SMTSHO110275,6.1.7601
20110276,Austral VW Newstead,Notebook,AUWSHOU,6.1.7601
20110277,Eagers Holden Windsor,Notebook,EWNSHOR,6.1.7601
20110278,Southside Toyota Mt Gravatt,Notebook,SMTSHOE,6.1.7601
20110279,Southside Honda Buranda,PC,SSHSHOFX,5.1.2600
20110280,Subaru Toowong,PC,SUTSVC110280,6.1.7601
20110283,Metro Parts Eagle Farm,PC,MTPPTSA,5.1.2600
20110284,Eagers Holden Newstead,PC,ENSPTSY,5.1.2600
20110285,Metro Parts Eagle Farm,PC,MTPPTSR,5.1.2600
20110286,Torque Toyota Pre-delivery,PC,TPDSVCA,5.1.2600
20110287,Caloundra City Honda,PC,CCASHOC,5.1.2600
20110312,Bridge Toyota Darwin,PC,BTDUC20110312,6.1.7601
20110313,Bridge Toyota Darwin,PC,BTDWKS110313,6.1.7600
20110317,Torque Toyota North Lakes,Notebook,TTNSVC110317,6.1.7601
20110318,Southside Toyota Mt Gravatt,Notebook,SMTSHOZ,6.1.7601
20110319,Southside Toyota Woolloongabba,Notebook,SSTSHOM,6.1.7601
20110320,Torque Ford Strathpine,Notebook,TFSSHO9,6.1.7601
20110321,Torque Honda North Lakes,Notebook,THNSVCD,6.1.7601
20110322,Torque Honda North Lakes,Notebook,THNSHO9,6.1.7601
20110323,Southside Toyota Mt Gravatt,Notebook,SMTUSD8,6.1.7601
20110324,Southside Honda Buranda,Notebook,SSHFIN110324,6.1.7601
20110326,Torque Toyota Brendale,Notebook,TTNSHOC,6.1.7601
20110327,Subaru City Newstead,Notebook,SUCFIN9,6.1.7601
20110328,Southside Toyota Woolloongabba,Notebook,SSTSTK110328,6.1.7601
20110329,Southside Honda Buranda,PC,SSHSHOI,6.1.7601
20110330,Torque Subaru Brendale,PC,TSBSHO7,6.1.7601
20110331,Torque Toyota Brendale,PC,TTBPTS9,6.1.7601
20110333,Southside Honda Buranda,PC,SSHPTS3,6.1.7601
20110335,Eagers Holden Newstead,PC,ENSPTSM,6.1.7601
20110337,Eagers Holden Townsville,PC,ETOPTS9,6.1.7601
20110338,Austral PAG Fortitude Valley,PC,AUMCDC1,6.1.7601
20110339,Metro Parts Eagle Farm,PC,AUVPTSZ,6.1.7601
20110340,Austral PAG Fortitude Valley,PC,AURSVC1,6.1.7601
20110341,Austral PAG Fortitude Valley,PC,AURSHO2,6.1.7601
20110342,Eagers Holden Townsville,PC,ETOPTS2,6.1.7601
20110343,Eagers Holden Townsville,PC,ETOPTS6,6.1.7601
20110344,Austral PAG Fortitude Valley,PC,AUVSVC2,6.1.7601
20110345,Subaru City Newstead,PC,CAGPTS5,6.1.7601
20110346,BMA Pinkenba,PC,BMA093,6.1.7601
20110363,Torque Toyota North Lakes,Notebook,TTNSHO110363,6.1.7601
20110364,Torque Toyota North Lakes,Notebook,TTNSHO110364,6.1.7601
20110366,Southside Toyota Woolloongabba,Notebook,SSTADM4,6.1.7601
20110367,Corporate Office Fortitude Valley,Notebook,APCORPC,6.1.7601
20110369,Southside Toyota Mt Gravatt,Notebook,SMTUSD2,6.1.7601
20110370,Southside Toyota Mt Gravatt,Notebook,SMTUSD3,6.1.7601
20110376,Bridge Toyota Darwin,Notebook,BTDFLT6,6.1.7601
20110377,Bridge Toyota Darwin,Notebook,BTDSALES110377,6.1.7601
20110378,Torque Ford North Lakes,Notebook,TFNSHOI,6.1.7601
20110379,IT Pinkenba,Notebook,APTRN110379,6.1.7601
20110380,Eagers Kia Kedron,Notebook,EKKSHO110380,6.1.7601
20110384,Bridge Toyota Palmerston,PC,BTPSHOWMGR,6.1.7601
20110387,Austral VW Newstead,PC,AUWREGO,6.1.7601
20110388,Austral Honda Newstead,PC,AUHSVCA,6.1.7601
20110389,Eagers Holden Windsor,PC,EWNSVC110389,6.1.7601
20110390,Subaru Toowong,PC,SUCSVC110390,6.1.7601
20110391,Eagers Holden Newstead,PC,ENSSVCA,6.1.7601
20110392,Torque Subaru Brendale,PC,TSBSVC7,6.1.7601
20110393,Caloundra City Holden,PC,CCASHOQ,6.1.7601
20110394,Metro Ford Fortitude Valley,PC,MFVADMX2,6.1.7601
20110395,Eagers Holden Newstead,PC,ENSPTSP,6.1.7601
20110396,Southside Toyota Woolloongabba,PC,SSTPTS7,6.1.7601
20110397,Torque Toyota North Lakes,PC,TTNPTSD,6.1.7601
20110398,Torque Ford North Lakes,PC,TFNPTS7,6.1.7601
20110399,BMA Pinkenba,PC,BMA050,6.1.7601
20110400,Southside Toyota Mt Gravatt,PC,SMTPTS3,6.1.7601
20110401,Eagers Holden Windsor,PC,EWNPTS1,6.1.7601
20110403,Metro Ford Eagle Farm,PC,EFAPTS110403,6.1.7601
20110420,Corporate Internal Audit,Notebook,APCORPX,6.1.7601
20110421,Metro Ford Fortitude Valley,Notebook,MFNADM7,6.1.7601
20110422,Torque Toyota Brendale,Notebook,TTBSHOJ,6.1.7601
20110423,Subaru Toowong,Notebook,SUTADM,6.1.7601
20110425,Metro Parts Eagle Farm,Notebook,MTPPTS1X,6.1.7601
20110426,IT Pinkenba,Notebook,APCORPITK,6.1.7601
20110431,Southside Toyota Mt Gravatt,PC,TFSPTS110431,6.1.7601
20110432,Panel Shop Brendale,PC,MPBSVC2,6.1.7601
20110433,Caloundra City Holden,PC,CCMSHOA,6.1.7601
20110434,Southside Toyota Woolloongabba,PC,SSTRCPT,6.1.7601
20110435,Southside Ford Woolloongabba,PC,SSFSVCL,6.1.7601
20110436,Torque Ford Strathpine,PC,TADMIN110436,6.1.7601
20110437,Subaru City Newstead,PC,SUCSVC6X,6.1.7601
20110438,Subaru City Newstead,PC,EKESVC110438,6.1.7601
20110439,Austral PAG Fortitude Valley,PC,AUVSVC8,6.1.7601
20110440,Austral PAG Fortitude Valley,PC,AUJSVCX,6.1.7601
20110441,Austral VW Newstead,PC,AUWWTY110441,6.1.7601
20110442,Torque Ford Strathpine,PC,TFSCLK2,6.1.7601
20110443,Austral PAG Fortitude Valley,PC,AUVSVC9,6.1.7601
20110444,Austral PAG Fortitude Valley,PC,AUVSVC5,6.1.7601
20110445,Austral PAG Fortitude Valley,PC,AUVSVC3X,6.1.7601
20110447,Southside Honda Buranda,PC,SSHPTS1,6.1.7601
20110448,Eagers Holden Windsor,PC,EWNSHOJ,5.1.2600
20110464,IT North Lakes,Notebook,APIT110464,6.1.7601
20110465,Torque Ford North Lakes,Notebook,TFSUSE1,6.1.7601
20110466,Corporate Office Fortitude Valley,Notebook,APCORPH,6.1.7601
20110467,Austral VW Newstead,Notebook,AUWSVCP,6.1.7601
20110468,Southside Toyota Woolloongabba,Notebook,SSTUSD5,6.1.7601
20110469,Southside Toyota Woolloongabba,Notebook,SSTUSED2,6.1.7601
20110474,Corporate Office Fortitude Valley,PC,APBOARD,6.1.7601
20110475,Torque Toyota North Lakes,PC,TTNSVCE,6.1.7601
20110476,Torque Toyota Pre-delivery,PC,TTBPD1,6.1.7601
20110477,Torque Toyota Brendale,PC,TTBSVCH,6.1.7601
20110478,Torque Toyota Brendale,PC,TTBPTS6,6.1.7601
20110479,Corporate Payroll,PC,APCORPPAY7,6.1.7601
20110480,Southside Honda Buranda,PC,SSHSHOG,6.1.7601
20110481,Southside Honda Buranda,PC,SSHPTS2,6.1.7601
20110482,Eagers Holden Newstead,PC,ENSSVCI,6.1.7601
20110483,Southside Honda Buranda,PC,SSHUSED,6.1.7601
20110484,Austral PAG Fortitude Valley,PC,AURSHOX,6.1.7601
20110485,Austral PAG Fortitude Valley,PC,AURSMGR,6.1.7601
20110486,IT Pinkenba,PC,APCORPITT,6.1.7601
20110487,Southside Toyota Woolloongabba,PC,SSTPTSF,6.1.7601
20110488,Southside Toyota Woolloongabba,PC,SSTPTSG,6.1.7601
20110489,Eagers Mazda Newstead,PC,EMZREGO,6.1.7601
20110490,Eagers Holden Newstead,PC,ENSPTS110490,6.1.7601
20110491,Southside Toyota Mt Gravatt,PC,SMTPD6X,6.1.7601
20110492,Subaru Toowong,PC,SUTSVC2,6.1.7601
20110501,Bridge Toyota Darwin,PC,BTDMGR110501,6.1.7601
20110502,Bridge Toyota Darwin,PC,BTDSHO4,6.1.7601
20110514,BMA Pinkenba,PC,BMA070,6.1.7601
20110515,Southside Honda Buranda,PC,SSHSHOZ,6.1.7601
20110516,Austral VW Newstead,PC,AUWSHOF,6.1.7601
20110517,Southside Honda Buranda,PC,SSHPTS7,6.1.7601
20110518,Eagers Holden Newstead,PC,ENSPTS8,6.1.7601
20110519,Eagers Holden Windsor,PC,EWNWTY120519,6.1.7601
20110520,Southside Ford Woolloongabba,PC,SSFSVC9,6.1.7601
20110521,Torque Ford North Lakes,PC,TFNPTS8,6.1.7601
20110522,Southside Toyota Mt Gravatt,PC,SMTSHO6,6.1.7601
20110523,Eagers Mazda Newstead,PC,EMZSVCB,6.1.7601
20110524,Subaru City Newstead,PC,SUCGMGR1,6.1.7601
20110525,Eagers Mazda Newstead,PC,EMZSVC3,6.1.7601
20110526,Eagers Mitsubishi Newstead,PC,EMISHO2,6.1.7601
20110527,Caloundra City Holden,PC,CCASVCA,6.1.7601
20110528,AUS Curraminidi,PC,AUSDP1,6.1.7601
20110530,Caloundra City Holden,PC,CCAADM110530,6.1.7601
20110531,Southside Toyota Woolloongabba,PC,SSTSVCA,6.1.7601
20110533,Austral VW Newstead,Notebook,AUWSHO110533,6.1.7601
20110535,Southside Toyota Woolloongabba,Notebook,SSTUSD6,6.1.7601
20110536,Southside Toyota Woolloongabba,Notebook,SSTUSD3,6.1.7601
20110537,Southside Toyota Woolloongabba,Notebook,SSTGMGR,6.1.7601
20110539,Metro Parts Eagle Farm,Notebook,MTPMGR1,6.1.7601
20110540,Southside Honda Buranda,Notebook,SSHSMGR,6.1.7601
20110550,Bridge Toyota Darwin,PC,BTDFLT320110550,6.1.7601
20110551,Bridge Toyota Palmerston,PC,BTPSHO10,6.1.7601
20110553,Bridge Toyota Darwin,Notebook,BTPBMGR20110553,6.1.7601
20110554,Torque Ford North Lakes,Notebook,TFNSHOK,6.1.7601
20110555,Subaru City Newstead,Notebook,SUTSHOF,6.1.7601
20110556,Subaru City Newstead,Notebook,SUCSHOT,6.1.7601
20110557,Eagers Mazda Newstead,Notebook,EMZSHOL,6.1.7601
20110558,Austral VW Newstead,Notebook,AUWSHOS,6.1.7601
20110559,Subaru Toowong,Notebook,SUTSHO7,6.1.7601
20110560,Austral PAG Fortitude Valley,Notebook,APTRN7,6.1.7601
20110570,Torque Ford North Lakes,PC,TFNWSVC3,6.1.7601
20110571,Panel Shop Brendale,PC,MPBSVC3,6.1.7601
20110572,Eagers Holden Windsor,PC,EWNADM4X,6.1.7601
20110573,BMA Pinkenba,PC,BMA077,6.1.7601
20110574,Southside Toyota Woolloongabba,PC,SSTSVCI,6.1.7601
20110575,Eagers Mazda Newstead,PC,EMZSHO4,6.1.7601
20110576,Southside Toyota Woolloongabba,PC,SSTSVCG,6.1.7601
20110577,Metro Parts Eagle Farm,PC,MTPPTSC,6.1.7601
20110578,Eagers Holden Windsor,PC,EWNADM3,6.1.7601
20110580,Eagers Holden Newstead,PC,ENSPTSI,6.1.7601
20110581,Torque Toyota North Lakes,PC,TCR07,6.1.7601
20110582,Torque Toyota North Lakes,PC,TTNSVCG,6.1.7601
20110583,SSV/SSR Buranda,PC,SSRSVC6X,6.1.7601
20110584,Carzoos BDC Wgabba,PC,ZOO-MGR1,6.1.7601
20110585,Corporate Office Fortitude Valley,PC,APCORP2X,6.1.7601
20110586,Southside Toyota Woolloongabba,PC,SSTBMGR1,6.1.7601
20110587,BMA Pinkenba,PC,BMA060,6.1.7601
20110841,Metro Parts Eagle Farm,PC,MTPPTSX,5.1.2600
20120002,IT Pinkenba,Notebook,APCORPITTEST1,6.1.7601
20120003,Bridge Toyota Darwin,PC,BTDSVC120003,6.1.7601
20120004,Bridge Toyota Palmerston,PC,BTPSVC120004,6.1.7601
20120005,SSV/SSR Buranda,PC,SSRSVC4,6.1.7601
20120006,Southside Toyota Woolloongabba,PC,SSTFLT5,6.1.7601
20120007,Eagers Kia Kedron,PC,EKESHON,6.1.7601
20120009,Southside Toyota Mt Gravatt,PC,SMTUSD1,6.1.7601
20120011,Austral VW Newstead,PC,AUWSVC2,6.1.7601
20120012,Southside Honda Buranda,PC,SSHSHOC,6.1.7601
20120013,Eagers Mazda Newstead,PC,EMZSHO120013,6.1.7601
20120014,Southside Toyota Woolloongabba,PC,SSTSVC4X,6.1.7601
20120015,Eagers Holden Windsor,PC,EWNSHO2,6.1.7601
20120016,Southside Toyota Woolloongabba,PC,SSTADM3,6.1.7601
20120017,Austral PAG Fortitude Valley,PC,AURSVCT,6.1.7601
20120018,Austral PAG Fortitude Valley,PC,AUVGMGR,6.1.7601
20120019,Eagers Mitsubishi Newstead,Notebook,EMISHO4,6.1.7601
20120021,Torque Honda North Lakes,Notebook,THNSVCE,6.1.7601
20120022,Metro Ford Fortitude Valley,Notebook,MFNSVCB,6.1.7601
20120023,Corporate Office Fortitude Valley,Notebook,UNKNOWN,(No Version Info)
20120025,Southside Toyota Woolloongabba,Notebook,SSTSHO120025,6.1.7601
20120036,Eagers Holden Windsor,PC,EWNSVCE,6.1.7601
20120049,Metro Ford Fortitude Valley,Notebook,MFNSVC120048,6.1.7601
20120050,Austral PAG Fortitude Valley,Notebook,AUVPTS120050,6.1.7601
20120051,Corporate Office Fortitude Valley,Notebook,APCORPE,6.1.7601
20120052,Southside Honda Buranda,Notebook,SSHSVC120052,6.1.7601
20120053,Metro Parts Eagle Farm,Notebook,EFAPTS120053,6.1.7601
20120054,IT Pinkenba,Notebook,APTRN120054,6.1.7601
20120055,Torque Toyota Brendale,Notebook,TTBSHOT,6.1.7601
20120056,Torque Toyota Brendale,Notebook,TTBFLT120056,6.1.7601
20120057,Eagers Holden Windsor,Notebook,EWNSHOW,6.1.7601
20120058,Corporate Office Fortitude Valley,Notebook,APCORPI,6.1.7601
20120060,Corporate QLD/NT Division,Notebook,APCORPK,6.1.7601
20120061,Corporate QLD/NT Division,Notebook,APCORPF,6.1.7601
20120062,Austral VW Newstead,Notebook,APTRN120062,6.1.7601
20120063,Corporate Payroll,Notebook,CORPPAYA,6.1.7601
20120064,Eagers Holden Windsor,Notebook,EWNSHO120064,6.1.7601
20120076,Bridge Toyota Palmerston,PC,BTPPTS20120076,6.1.7601
20120077,Bridge Toyota Palmerston,PC,BTPPTS120077,6.1.7601
20120091,Metro Parts Eagle Farm,PC,MTPPTSP,6.1.7601
20120092,Metro Parts Eagle Farm,PC,MTPPTSK,6.1.7601
20120093,Metro Parts Eagle Farm,PC,MTPPTSDX,6.1.7601
20120094,Austral PAG Fortitude Valley,PC,AUMPTS0,6.1.7601
20120095,IT Pinkenba,PC,APCORIT120095,6.1.7601
20120096,Metro Parts Eagle Farm,PC,MTPPTS5,6.1.7601
20120097,Eagers Holden Townsville,PC,ETOIPEC,6.1.7601
20120099,Torque Ford North Lakes,PC,TFNTRN120099,6.1.7601
20120100,Caloundra City Holden,PC,CCASVC120100,6.1.7601
20120111,Torque Toyota North Lakes,Zbox,TTNCZOOS1,6.1.7601
20120117,Torque Ford North Lakes,Zbox,TFNCZOOS1,6.1.7601
20120123,Bridge Toyota Darwin,Notebook,BTDFLT120123,6.1.7601
20120124,Bridge Toyota Darwin,PC,BTDFLT120120124,6.1.7601
20120125,Bridge Toyota Darwin,PC,BTDUSED120125,6.1.7601
20120133,IT Pinkenba,Notebook,EMZGMGR,6.1.7601
20120134,Corporate QLD/NT Division,Notebook,APCORPW,6.1.7601
20120135,BMA Pinkenba,Notebook,BMAMGR120135,6.1.7601
20120136,Eagers Mazda Newstead,Notebook,EMZGMGR0,6.1.7601
20120137,Torque Ford Strathpine,Notebook,TFSCCM1,6.1.7601
20120138,Eagers Holden Windsor,Notebook,EWNSHOS,6.1.7601
20120139,Austral PAG Fortitude Valley,Notebook,AUMREG2,6.1.7601
20120146,Southside Toyota Mt Gravatt,PC,SMTSHO1,6.1.7601
20120147,Austral VW Newstead,PC,AUWSVCF,6.1.7601
20120148,BMA Pinkenba,PC,BMA055,6.1.7601
20120149,Eagers Holden Windsor,PC,EWNSVC5,6.1.7601
20120150,Metro Ford Fortitude Valley,PC,MFNSHOK,6.1.7601
20120152,Bridge Toyota Palmerston,PC,BTPSRV110098,6.1.7601
20120153,Bridge Toyota Darwin,PC,BTDSVC20120153,6.1.7601
20120164,Southside Toyota Woolloongabba,Notebook,SSTADM8,6.1.7601
20120165,IT Pinkenba,Notebook,APCORPITOX,6.1.7601
20120166,Southside Ford Woolloongabba,Notebook,SSFMGR,6.1.7601
20120167,Eagers Holden Windsor,Notebook,EWNSVC120167,6.1.7601
20120168,Porsche Centre Brisbane Newstead,Notebook,AUPSVC120168,6.1.7601
20120169,Torque Ford Strathpine,Notebook,TFSSHOT,6.1.7601
20120170,Eagers Holden Newstead,Notebook,ENSPTS120170,6.1.7601
20120171,Southside Honda Buranda,Notebook,SSHSVC4,6.1.7601
20120172,Eagers Newstead,Notebook,ENSPTS120172,6.1.7601
20120174,Southside Toyota Mt Gravatt,PC,SSTADM6,6.1.7601
20120175,Austral VW Newstead,PC,AUHPTS120175,6.1.7601
20120176,Southside Toyota Mt Gravatt,PC,SMTSVC1,6.1.7601
20120177,Southside Toyota Woolloongabba,PC,SSTSVC1,6.1.7601
20120178,Metro Ford Eagle Farm,PC,MFNSHOE,6.1.7601
20120179,Eagers Mitsubishi Newstead,PC,EMIGMGR,6.1.7601
20120180,Southside Toyota Mt Gravatt,PC,SMTPD2,6.1.7601
20120181,Austral PAG Fortitude Valley,PC,AUMADM6,6.1.7601
20120182,Corporate QLD/NT Division,PC,APTRAINING,6.1.7601
20120183,Caloundra City Holden,PC,CCAADM120183,6.1.7601
20120184,Southside Toyota Mt Gravatt,PC,SMTPD1,6.1.7601
20120185,Eagers Holden Windsor,PC,EWNPTS120185,6.1.7601
20120186,Southside Ford Woolloongabba,PC,SSFTRAIN120186,6.1.7601
20120187,BMA Pinkenba,PC,BMA063,6.1.7601
20120188,Austral PAG Fortitude Valley,PC,AURSHO120188,6.1.7601
20120190,Bridge Toyota Darwin,PC,BTDACC120190,6.1.7601
20120191,Bridge Toyota Darwin,PC,BTDDAP20120191,6.1.7601
20120192,IT Pinkenba,Notebook,APTRN120192,6.1.7601
20120193,IT Pinkenba,PC,APCORPITCBW,6.1.7601
20120194,Torque Honda North Lakes,Notebook,THNSHOD,6.1.7601
20120195,Subaru City Newstead,Notebook,SUTSHOW,6.1.7601
20120196,Austral PAG Fortitude Valley,Notebook,AURFIN1,6.1.7601
20120197,Southside Ford Woolloongabba,Notebook,SSFSVC1,6.1.7601
20120198,Austral VW Newstead,Notebook,SSHSHOT,6.1.7601
20120199,Subaru Toowong,Notebook,SUTSHOG,6.1.7601
20120200,BMA Pinkenba,PC,APEBMA120200,6.1.7601
20120201,Eagers Mitsubishi Newstead,PC,ENSADMD,6.1.7601
20120202,Austral Honda Newstead,PC,AUHWSHOP1,6.1.7601
20120203,Eagers Holden Newstead,PC,ENSPTSS,6.1.7601
20120204,Torque Toyota North Lakes,PC,TTNPTS120204,6.1.7601
20120205,Eagers Holden Newstead,PC,ENSPTSJ,6.1.7601
20120206,Corporate Payroll,PC,CORPPAY8,6.1.7601
20120207,Austral VW Newstead,PC,AUMADM120207,6.1.7601
20120208,Austral Motors Newstead,PC,AUHPTSC,6.1.7601
20120209,Austral PAG Fortitude Valley,PC,AURSVCD,6.1.7601
20120210,Eagers Holden Windsor,PC,EWNADM4,6.1.7601
20120211,Southside Toyota Mt Gravatt,PC,SMTSVC120211,6.1.7601
20120212,Austral VW Newstead,PC,AUWPTS1,6.1.7601
20120213,Metro Ford Eagle Farm,PC,MTPPTSL,6.1.7601
20120214,Eagers Holden Newstead,Notebook,EWNADM7,6.1.7601
20120220,Bridge Toyota Darwin,PC,BTDDAP120220,6.1.7601
20120221,Bridge Toyota Darwin,PC,BTDFMGR20120221,6.1.7601
20120222,Bridge Toyota Darwin,PC,BTDMGR20120222,6.1.7601
20120229,Torque Subaru Brendale,Notebook,TSBSHOC,6.1.7601
20120230,Torque Ford North Lakes,Notebook,TFNSHON,6.1.7601
20120231,Eagers Mazda Newstead,Notebook,EMZFIN2,6.1.7601
20120232,Infiniti Centre Brisbane,Notebook,ICBSHO1,6.1.7601
20120233,Eagers Holden Windsor,Notebook,MFNMGR1,6.1.7601
20120234,Infiniti Centre Brisbane,Notebook,ICBSHO3,6.1.7601
20120235,Infiniti Centre Brisbane,Notebook,ICBSHO2,6.1.7601
20120236,Southside Honda Buranda,Notebook,SSHUSD1,6.1.7601
20120242,AUS Curraminidi,PC,AUSPTS1,6.1.7601
20120243,Metro Ford Fortitude Valley,PC,MFNSHO120243,6.1.7601
20120244,Austral Honda Newstead,PC,AUHSHO7,6.1.7601
20120245,Southside Honda Buranda,PC,SSHSVC120245,6.1.7601
20120246,Torque Toyota North Lakes,PC,TTNPTS120246,6.1.7601
20120247,Eagers Holden Windsor,PC,EWNSVC0247,6.1.7601
20120248,Torque Ford Admin,PC,TADMIN120248,6.1.7601
20120249,Eagers Holden Windsor,PC,EWNSVCD,6.1.7601
20120265,Bridge Toyota Darwin,PC,BTDSVR120265,6.1.7601
20120266,Bridge Toyota Darwin,PC,BTDADMIN120266,6.1.7601
20120274,Torque Toyota North Lakes,Zbox,TTNSVC20120274,6.1.7601
20120276,Southside Toyota Woolloongabba,Notebook,SSTFLT120147,6.1.7601
20120277,Austral VW Newstead,Notebook,AUMADM8,6.1.7601
20120279,Torque Toyota Brendale,Notebook,TTBDP1,6.1.7601
20120280,Eagers Holden Windsor,Notebook,EWNSVC120280,6.1.7601
20120281,Subaru City Newstead,Notebook,SUTSHOH,6.1.7601
20120282,Southside Toyota Mt Gravatt,Notebook,SMTSHO120282,6.1.7601
20120284,Torque Toyota Brendale,Notebook,TTBSHO120284,6.1.7601
20120285,Torque Toyota North Lakes,Notebook,TTNSHOI,6.1.7601
20120286,Metro Ford Fortitude Valley,Notebook,MFNGMGR,6.1.7601
20120287,Corporate QLD/NT Division,Notebook,FINSPR,6.1.7601
20120288,Torque Toyota Brendale,Notebook,TTBSHO120288,6.1.7601
20120289,Eagers Holden Windsor,Notebook,EWNADM120289,6.1.7601
20120291,Torque Ford Admin,PC,TADMIN1201291,6.1.7601
20120292,Torque Toyota Pre-delivery,PC,TPD120292,6.1.7601
20120293,Austral PAG Fortitude Valley,PC,AUVSVC120293,6.1.7601
20120294,Eagers Holden Windsor,PC,EWNUSD120294,6.1.7601
20120295,Predelivery Pinkenba,PC,EPDCCC120295,6.1.7601
20120296,Predelivery Pinkenba,PC,EPDSVC120296,6.1.7601
20120332,Torque Toyota Brendale,Notebook,TTBSHO20120332,6.1.7601
20120333,Torque Toyota Brendale,Notebook,TTBSHO120333,6.1.7601
20120334,Austral PAG Fortitude Valley,Notebook,AUMADM120334,6.1.7601
20120335,Corporate Office Fortitude Valley,Notebook,APCORP120335,6.1.7601
20120336,WHOP Leaseline & General,Notebook,TFNFIN120336,6.1.7601
20120337,Torque Toyota Brendale,Notebook,TTBSHO120337,6.1.7601
20120338,Torque Ford Strathpine,Notebook,TFSSVC120338,6.1.7601
20120339,Torque Toyota Brendale,Notebook,TTBSHO120339,6.1.7601
20120347,Torque Toyota Pre-delivery,Zbox,TPD120347,6.1.7601
20120353,Eagers Kia Kedron,Notebook,EKESHO120353,6.1.7601
20120354,Eagers Holden Newstead,Notebook,ENSPTS120354,6.1.7601
20120355,BMA Pinkenba,Notebook,BMACZS120355,6.1.7601
20120357,Porsche Centre Brisbane Newstead,Notebook,AUPSHO120357,6.1.7601
20120358,WHOP Leaseline & General,Notebook,AP120358,6.1.7601
20120359,Porsche Centre Brisbane Newstead,Notebook,AP120359,6.1.7601
20120411,Eagers Holden Windsor,PC,EWNPTS120411,6.1.7601
20120412,Eagers Holden Newstead,PC,ENSPTS120412,6.1.7601
20120413,Southside Toyota Mt Gravatt,PC,SMTSVC120413,6.1.7601
20120414,Corporate Office Fortitude Valley,PC,APCORP120414,6.1.7601
20120415,Austral PAG Fortitude Valley,PC,AUVSVC120415,6.1.7601
20120416,Torque Toyota Pre-delivery,PC,TTBSVC120416,6.1.7601
20120417,Southside Ford Woolloongabba,PC,SSFSVC120417,6.1.7601
20120419,Predelivery Pinkenba,PC,EPDSVC120419,6.1.7601
20120420,Southside Toyota Mt Gravatt,PC,SMTSVC120420,6.1.7601
20120431,Eagers Holden Newstead,PC,ENSPTS120431,6.1.7601
20120432,Eagers Holden Newstead,PC,ENSPTS120432,6.1.7601
20120433,Eagers Holden Newstead,PC,ENSPTS120433,6.1.7601
20120434,Southside Ford Woolloongabba,PC,SSFSVC120434,6.1.7601
20120435,Southside Toyota Mt Gravatt,PC,SMTSVC120435,6.1.7601
20120436,Austral Honda Newstead,PC,AUHPTS120436,6.1.7601
20120437,Austral VW Newstead,PC,AUWADM120437,6.1.7601
20120438,Torque Ford Admin,PC,TFSADM120438,6.1.7601
20120439,Austral VW Newstead,PC,AUVSVC120439,6.1.7601
20120440,Eagers Newstead,PC,ENSADM120440,6.1.7601
20120456,BMA Pinkenba,Zbox,BMACZS120351,6.1.7601
20120458,Eagers Holden Newstead,Notebook,ENSPTS120458,6.1.7601
20120459,Eagers Holden Windsor,Notebook,EWNSHO120459,6.1.7601
20120460,WHOP Leaseline & General,Notebook,APCORP120460,6.1.7601
20120461,Eagers Holden Windsor,Notebook,EWNADM120461,6.1.7601
20120462,Southside Toyota Woolloongabba,Notebook,SSTFIN120462,6.1.7601
20120463,Metro Parts Eagle Farm,Notebook,MTPPTS120463,6.1.7601
20120464,Infiniti Centre Brisbane,Notebook,ICBFIN120464,6.1.7601
20120465,Caloundra City Honda,Notebook,CCHSVC120465,6.1.7601
20120475,Lexus Darwin,PC,BTDLEXUS120475,6.1.7601
20120476,Bridge Toyota Darwin,PC,BTDADMIN120476,6.1.7601
20120477,Lexus Darwin,PC,HVFWARRANTY1204,6.1.7601
20120478,Bridge Toyota Darwin,PC,BTDSRV120478,6.1.7601
20120479,Lexus Darwin,PC,BTDLEXUS120479,6.1.7601
20120480,Southside Honda Buranda,Tablet PC,SSHSVC120480,6.1.7601
20120481,Infiniti Centre Brisbane,Tablet PC,ICBSHO120481,6.1.7601
20120485,Bridge Toyota Palmerston,Notebook,BTPMGR120485,6.1.7601
20120486,Bridge Toyota Darwin,Notebook,BTDSALES120486,6.1.7601
20120487,Bridge Toyota Palmerston,Notebook,BTPSHO120487,6.1.7601
20120488,Bridge Toyota Palmerston,Notebook,BTPACC120488,6.1.7601
20120601,Eagers Mazda Newstead,Notebook,EMZSHO120601,6.1.7601
20120602,Eagers Mitsubishi Newstead,Notebook,EMISHO120602,6.1.7601
20120603,Eagers Holden Newstead,Notebook,EWNSVC120603,6.1.7601
20120604,Torque Toyota Brendale,Notebook,TTBSHO120604,6.1.7601
20120605,Southside Honda Buranda,Notebook,SSHSVC120605,6.1.7601
20120606,Corporate Office Fortitude Valley,Notebook,APCORP120606,6.1.7601
20120607,Subaru Toowong,Notebook,SUTSHO120607,6.1.7601
20120608,Torque Toyota Admin,Notebook,TFSADM120608,6.1.7601
20120610,Bridge Toyota Darwin,Notebook,BTDSALES120610,6.1.7601
20120611,Predelivery Pinkenba,PC,EPDSVC120611,6.1.7601
20120612,BMA Pinkenba,PC,BMA20120612,6.1.7601
20120613,Torque Ford Admin,PC,TADMIN120613,6.1.7601
20120616,Southside Toyota Woolloongabba,PC,SSTSVC120616,6.1.7601
20120617,SSV/SSR Buranda,PC,ENSPTS120617,6.1.7601
20120618,Torque Toyota Pre-delivery,PC,TPDSVC120618,6.1.7601
20120619,Metro Ford Eagle Farm,PC,MTPPTS120619,6.1.7601
20120620,Austral VW Newstead,PC,AUWADM120620,6.1.7601
20120636,Bridge Toyota Darwin,PC,BTDSRVMGR120636,6.1.7601
20120637,Bridge Toyota Darwin,PC,BTDSRV120637,6.1.7601
20120638,Bridge Toyota Darwin,PC,BTDWTY120638,6.1.7601
20120639,Bridge Toyota Palmerston,PC,BTPSHO120639,6.1.7601
20120640,Bridge Toyota Palmerston,PC,BTPPTS120640,6.1.7601
20120641,Corporate Internal Audit,Notebook,APCORP120641,6.1.7601
20120642,Torque Honda North Lakes,Notebook,THNSHO120642,6.1.7601
20120643,Torque Toyota North Lakes,Notebook,TTBSHO120643,6.1.7601
20120644,Corporate QLD/NT Division,Notebook,APCORP120644,6.1.7601
20120645,Eagers Holden Windsor,Notebook,ENSSHO120645,6.1.7601
20120646,Eagers Mazda Newstead,Notebook,EMZSHO120646,6.1.7601
20120647,Austral VW Newstead,Notebook,AUWSHO120647,6.1.7601
20120648,Austral PAG Fortitude Valley,Notebook,AUVMOB7,6.1.7601
20120656,Austral VW Newstead,PC,AUWSHO120656,6.1.7601
20120657,Torque Ford North Lakes,PC,TFNSHO120657,6.1.7601
20120658,Torque Ford Admin,PC,TADMIN120658,6.1.7601
20120659,Austral Honda Newstead,PC,AUHSVC120659,6.1.7601
20120660,Austral VW Newstead,PC,AUWSVC120660,6.1.7601
20120661,Southside Honda Buranda,PC,SSHSHO120661,6.1.7601
20120662,AUS Curraminidi,PC,AUSSHO120662,6.1.7601
20120663,Eagers Mitsubishi Newstead,PC,EMIADM120663,6.1.7601
20120664,Metro Ford Fortitude Valley,PC,MFNSHO120664,6.1.7601
20120665,Southside Toyota Mt Gravatt,PC,SMTPTS120665,6.1.7601
20140025,Southside Toyota Mt Gravatt,Zbox,SMTFIN140025,6.1.7601
20140027,Southside Honda Buranda,Zbox,SSHFIN140027,6.1.7601
20140028,Southside Honda Woolloongabba,Zbox,SSTSTC140028,6.1.7601
20140030,Torque Toyota Brendale,Zbox,TTBSHO130040,6.1.7601
20140034,Carzoos BDC Wgabba,Zbox,ZOOBDC140034,6.1.7601
20140044,Corporate QLD/NT Division,Notebook,AUMMGR1400044,6.1.7601
20140046,Austral VW Newstead,Notebook,AUWFIN140046,6.1.7601
20140047,Metro Parts Eagle Farm,Notebook,MTPPTS140047,6.1.7601
20140048,BMA Pinkenba,Notebook,BMASHO140048,6.1.7601
20140049,Southside Toyota Mt Gravatt,Notebook,SMTSHO140049,6.1.7601
20140050,Eagers Mitsubishi Newstead,Notebook,EMISHO140050,6.1.7601
20140051,Porsche Centre Brisbane Newstead,Notebook,PCBMGR140051,6.1.7601
20140053,Torque Toyota North Lakes,Notebook,TTBFIN140053,6.1.7601
