id,s_serialno,s_status,s_model,s_devicetype,t_date,s_location,s_costcentre,s_department,id,s_description,i_desctype,i_asset
20120220,B103128/001,Active,Intel DH77EB,PC,2012-06-22,Bridge Toyota Darwin,814 Bridge Toyota Darwin,Discount Auto Parts,94324583,2013-02-26,13,20120220
20120662,B104104/007,Active,Intel DH77EB,PC,2012-12-21,AUS Curraminidi,827 Austral S-coast,Sales,94324576,2013-02-27,13,20120662
20120647,7C032877H,Active,PT530A-00J001,Notebook,2012-12-20,Austral PAG Fortitude Valley,806 Austral PAG,Service,94324575,2013-02-22,13,20120647
20120487,7B153353H,Active,PT525A-00801901,Notebook,2012-10-30,Bridge Toyota Palmerston,814 Bridge Toyota Darwin,Showroom,94324574,2013-02-25,13,20120487
20120353,7B154918H,Active,PT525A-00801901,Notebook,2012-09-20,Eagers Kia Kedron,803 Eagers Misubishi&Kia,Sales,94324573,2013-02-27,13,20120353
20110573,B101786/004,Active,Intel DH67,PC,2011-12-07,BMA Pinkenba,810 Brisbane Motor Auction,Sales,94324572,2013-02-22,13,20110573
20120617,B104000/007,Active,Intel DH77EB,PC,2012-11-29,SSV/SSR Buranda,806 Austral PAG,Service,94324543,2013-02-27,13,20120617
20110536,8B121088H,Active,PT525A-003019,Notebook,2011-10-31,Southside Toyota Woolloongabba,801 Southside Toyota,Sales,94324542,2013-02-20,13,20110536
20110433,B101026/003,Active,Intel DH67,PC,2011-09-09,Caloundra City Holden,837 Caloundra City Autos,Service,94324541,2013-02-27,13,20110433
20110218,B099963/001,Active,Intel DH55,PC,2011-05-04,Bridge Toyota Darwin,814 Bridge Toyota Darwin,Admin,94324540,2013-02-20,13,20110218
20100110,5A111740H,Active,PTSE1A-00K005,Notebook,2010-08-26,Austral VW Newstead,807 Austral Honda-VW,Showroom,94324539,2013-02-20,13,20100110
20130021,7c032832h,Active,PT530A-00J001,Notebook,1970-01-01,Caloundra City Holden,837 Caloundra City Autos,Service,94324538,2013-02-21,13,20130021
20130022,7c032844h,Active,PT530A-00J001,Notebook,1970-01-01,Caloundra City Holden,837 Caloundra City Autos,Service,94324537,2013-02-18,13,20130022
20120664,B104104/009,Active,Intel DH77EB,PC,2012-12-21,Metro Ford Fortitude Valley,808 Metro,Sales,94324511,2013-02-27,13,20120664
20120663,B104104/008,Active,Intel DH77EB,PC,2012-12-21,Eagers Mitsubishi Newstead,803 Eagers Misubishi&Kia,Admin,94324510,2013-02-27,13,20120663
20120640,B104107/005,Active,Intel DH77EB,PC,2012-12-12,Bridge Toyota Palmerston,814 Bridge Toyota Darwin,Parts,94324509,2013-02-27,13,20120640
20120614,B104000/004,Active,Intel DH77EB,PC,2012-11-29,Torque Ford Admin,820 Torque Ford,Admin,94324508,2013-02-27,13,20120614
20120438,B103765/008,Active,Intel DH77EB,PC,2012-10-09,Torque Honda North Lakes,821 Torque Honda,Sales,94324507,2013-02-27,13,20120438
20110431,B101026/001,Active,Intel DH67,PC,2011-09-09,Torque Ford Strathpine,820 Torque Ford,Parts,94324506,2013-02-27,13,20110431
20110254,5B090651H,Active,PT525A-003019,Notebook,2011-06-16,HVF Berrimah,815 AP Motor Group,Sales,94324505,2013-02-27,13,20110254
20100066,5A112191H,Active,PTSE1A-00K005,Notebook,2010-07-31,Metro Ford Fortitude Valley,808 Metro,Service,94324504,2013-02-27,13,20100066
20130007,7c032826h,Active,PT530A-00J001,Notebook,1970-01-01,Caloundra City Honda,837 Caloundra City Autos,Sales,94324503,2013-02-26,13,20130007
20130008,7c032814h,Active,PT530A-00J001,Notebook,1970-01-01,Caloundra City Holden,837 Caloundra City Autos,Sales,94324502,2013-02-27,13,20130008
20130009,7c032820h,Active,PT530A-00J001,Notebook,1970-01-01,Caloundra City Holden,837 Caloundra City Autos,Sales,94324501,2013-02-21,13,20130009
20130012,7c031141h,Active,PT530A-00J001,Notebook,1970-01-01,Caloundra City Holden,837 Caloundra City Autos,Sales,94324500,2013-02-11,13,20130012
20120665,B104104/010,Active,Intel DH77EB,PC,2012-12-21,Southside Toyota Mt Gravatt,801 Southside Toyota,Parts,94324446,2013-02-27,13,20120665
20130011,7c032831h,Active,PT530A-00J001,Notebook,1970-01-01,Caloundra City Holden,837 Caloundra City Autos,Sales,94324445,2013-02-18,13,20130011
20120661,B104104/006,Active,Intel DH77EB,PC,2012-12-21,Southside Honda Buranda,802 Southside Honda,Showroom,94324423,2013-02-27,13,20120661
20120182,B102769/009,Active,Intel DH67,PC,2012-05-22,Corporate QLD/NT Division,APFP258B QLD-NT Division,Admin,94324421,2013-02-07,13,20120182
20110275,3B154447H,Active,PT525A-003019,Notebook,2011-06-03,Eagers Mazda Newstead,833 Eagers Mazda,Showroom,94324420,2013-02-07,13,20110275
20100218,B098343/005,Active,Intel DH55,PC,2010-10-21,HVF Berrimah,815 AP Motor Group,Parts,94324419,2013-02-06,13,20100218
20120659,B104104/004,Active,Intel DH77EB,PC,2012-12-21,Austral Honda Newstead,807 Austral Honda-VW,Service,94324357,2013-02-27,13,20120659
20120657,B104104/002,Active,Intel DH77EB,PC,2012-12-21,Torque Ford North Lakes,820 Torque Ford,Showroom,94324356,2013-02-16,13,20120657
20120656,B104104/001,Active,Intel DH77EB,PC,2012-12-21,Austral VW Newstead,807 Austral Honda-VW,Showroom,94324355,2013-02-27,13,20120656
20120646,6C085867H,Active,PT530A-00J001,Notebook,2012-12-20,Eagers Mazda Newstead,833 Eagers Mazda,Showroom,94324354,2013-02-27,13,20120646
20120644,7C031122H,Active,PT530A-00J001,Notebook,2012-12-20,Corporate QLD/NT Division,APFP258B QLD-NT Division,Admin,94324353,2013-02-27,13,20120644
20120643,7C027610H,Active,PT530A-00J001,Notebook,2012-12-20,Torque Toyota North Lakes,809 Torque Toyota,Sales,94324352,2013-02-27,13,20120643
20120642,6C085866H,Active,PT530A-00J001,Notebook,2012-12-20,Torque Honda North Lakes,821 Torque Honda,Sales,94324351,2013-02-27,13,20120642
20120641,7C027608H,Active,PT530A-008001,Notebook,2012-12-20,Corporate Internal Audit,APAP258B Internal Audit,IT,94324350,2013-02-27,13,20120641
20120639,B104107/004,Active,Intel DH77EB,PC,2012-12-12,Bridge Toyota Palmerston,814 Bridge Toyota Darwin,Sales,94324349,2013-02-27,13,20120639
20120618,B104000/008,Active,Intel DH77EB,PC,2012-11-29,Torque Toyota Pre-delivery,809 Torque Toyota,Pre Delivery,94324348,2013-02-27,13,20120618
20120616,B104000/006,Active,Intel DH77EB,PC,2012-11-29,Southside Toyota Woolloongabba,801 Southside Toyota,Service,94324347,2013-02-27,13,20120616
20120615,B104000/005,Active,Intel DH77EB,PC,2012-11-29,Eagers Holden Windsor,836 Eagers Holden,Service,94324346,2013-02-26,13,20120615
20120613,B104000/003,Active,Intel DH77EB,PC,2012-11-29,Torque Ford Admin,820 Torque Ford,Admin,94324345,2013-02-27,13,20120613
20120612,B104000/002,Active,Intel DH77EB,PC,2012-11-29,BMA Pinkenba,810 Brisbane Motor Auction,Showroom,94324344,2013-02-20,13,20120612
20120611,B104000/001,Active,Intel DH77EB,PC,2012-11-29,Predelivery Pinkenba,808 Metro,Pre Delivery,94324343,2013-02-27,13,20120611
20120608,9C099827H,Active,PT530A-00J001,Notebook,2012-12-03,Torque Toyota Admin,809 Torque Toyota,Admin,94324342,2013-02-27,13,20120608
20120607,9C099825H,Active,PT530A-00J001,Notebook,2012-12-03,Subaru Toowong,804 CAG Subaru,Showroom,94324341,2013-02-23,13,20120607
20120606,9C099850H,Active,PT530A-00J001,Notebook,2012-12-03,WHOP Leaseline & General,WHOP258B Leaseline & General,Admin,94324340,2013-02-19,13,20120606
20120605,9C099820H,Active,PT530A-00J001,Notebook,2012-12-03,Southside Honda Buranda,802 Southside Honda,Service,94324339,2013-02-27,13,20120605
20120604,9C099821H,Active,PT530A-00J001,Notebook,2012-12-03,Torque Toyota Brendale,809 Torque Toyota,Sales,94324338,2013-01-10,13,20120604
20120603,9C099849H,Active,PT530A-00J001,Notebook,2012-12-03,Subaru Toowong,804 CAG Subaru,Showroom,94324337,2013-02-27,13,20120603
20120602,9C099832H,Active,PT530A-00J001,Notebook,2012-12-03,Eagers Mitsubishi Newstead,803 Eagers Misubishi&Kia,Showroom,94324336,2013-02-25,13,20120602
20120601,9C073740H,Active,PT530A-008001,Notebook,2012-12-03,Eagers Mazda Newstead,833 Eagers Mazda,Sales,94324335,2013-02-26,13,20120601
20120485,7B153357H,Active,PT525A-00801901,Notebook,2012-10-30,Bridge Toyota Palmerston,814 Bridge Toyota Darwin,Admin,94324334,2013-02-22,13,20120485
20120479,B103871/005,Active,Intel DH77EB,PC,2012-10-25,Lexus Darwin,814 Bridge Toyota Darwin,Showroom,94324333,2013-02-19,13,20120479
20120478,B103871/004,Active,Intel DH77EB,PC,2012-10-25,Bridge Toyota Darwin,814 Bridge Toyota Darwin,Service,94324332,2013-02-27,13,20120478
20120477,B103871/003,Active,Intel DH77EB,PC,2012-10-25,Lexus Darwin,814 Bridge Toyota Darwin,Sales,94324331,2013-02-27,13,20120477
20120476,B103871/002,Active,Intel DH77EB,PC,2012-10-25,IT Darwin,IT,IT,94324330,2013-02-21,13,20120476
20120475,B103871/001,Active,Intel DH77EB,PC,2012-10-25,Lexus Darwin,814 Bridge Toyota Darwin,Showroom,94324329,2013-02-27,13,20120475
20120465,7B154280H,Active,PT525A-00801901,Notebook,2012-10-19,Caloundra City Honda,837 Caloundra City Autos,Service,94324328,2013-01-29,13,20120465
20120464,7B153347H,Active,PT525A-00801901,Notebook,2012-10-19,Infiniti Centre Brisbane,APGB863 Infiniti,Sales,94324327,2013-02-26,13,20120464
20120463,7B153342H,Active,PT525A-00801901,Notebook,2012-10-19,Porsche Centre Brisbane Newstead,805 Austral Porsche,Sales,94324326,2013-01-19,13,20120463
20120462,7B154960H,Active,PT525A-00801901,Notebook,2012-10-19,Southside Toyota Woolloongabba,801 Southside Toyota,Admin,94324325,2013-02-27,13,20120462
20120461,7B154947H,Active,PT525A-00801901,Notebook,2012-10-19,Eagers Holden Windsor,836 Eagers Holden,Admin,94324324,2013-02-27,13,20120461
20120460,7B153345H,Active,PT525A-00801901,Notebook,2012-10-19,WHOP Leaseline & General,WHOP258B Leaseline & General,Admin,94324323,2013-02-27,13,20120460
20120459,4C056590H,Active,PT525A-00801901,Notebook,2012-10-19,Eagers Holden Windsor,836 Eagers Holden,Showroom,94324322,2013-02-27,13,20120459
20120458,4C056573H,Active,PT525A-00801901,Notebook,2012-10-19,Eagers Holden Newstead,836 Eagers Holden,Parts,94324321,2013-02-27,13,20120458
20120437,B103765/007,Active,Intel DH77EB,PC,2012-10-09,Austral VW Newstead,807 Austral Honda-VW,Admin,94324320,2013-02-27,13,20120437
20120436,B103765/006,Active,Intel DH77EB,PC,2012-10-09,Austral Honda Newstead,807 Austral Honda-VW,Parts,94324319,2013-02-27,13,20120436
20120435,B103765/005,Active,Intel DH77EB,PC,2012-10-09,Southside Toyota Mt Gravatt,801 Southside Toyota,Service,94324318,2013-02-27,13,20120435
20120434,B103765/004,Active,Intel DH77EB,PC,2012-10-09,Southside Ford Woolloongabba,808 Metro,Service,94324317,2013-02-27,13,20120434
20120433,B103765/003,Active,Intel DH77EB,PC,2012-10-09,Eagers Holden Newstead,836 Eagers Holden,Parts,94324316,2013-02-25,13,20120433
20120432,B103765/002,Active,Intel DH77EB,PC,2012-10-09,Eagers Holden Newstead,836 Eagers Holden,Parts,94324315,2013-02-27,13,20120432
20120431,B103765/001,Active,Intel DH77EB,PC,2012-10-09,Eagers Holden Newstead,836 Eagers Holden,Parts,94324314,2013-02-27,13,20120431
20120420,B103652/010,Active,Intel DH77EB,PC,2012-09-18,Southside Toyota Mt Gravatt,801 Southside Toyota,Service,94324313,2013-02-27,13,20120420
20120419,B103652/009,Active,Intel DH77EB,PC,2012-09-18,Predelivery Pinkenba,808 Metro,Pre Delivery,94324312,2013-02-27,13,20120419
20120418,B103652/008,Active,Intel DH77EB,PC,2012-09-18,Eagers Mazda Newstead,833 Eagers Mazda,Parts,94324311,2013-02-27,13,20120418
20120417,B103652/007,Active,Intel DH77EB,PC,2012-09-18,Southside Ford Woolloongabba,808 Metro,Service,94324310,2013-02-27,13,20120417
20120416,B103652/006,Active,Intel DH77EB,PC,2012-09-18,Torque Toyota Pre-delivery,809 Torque Toyota,Pre Delivery,94324309,2013-02-27,13,20120416
20120415,B103652/005,Active,Intel DH77EB,PC,2012-09-18,Austral PAG Fortitude Valley,806 Austral PAG,Service,94324308,2013-02-27,13,20120415
20120414,B103652/004,Active,Intel DH77EB,PC,2012-09-18,Corporate Office Fortitude Valley,APGP258B Corporate,Admin,94324307,2013-02-27,13,20120414
20120413,B103652/003,Active,Intel DH77EB,PC,2012-09-18,Southside Toyota Mt Gravatt,801 Southside Toyota,Service,94324306,2013-02-27,13,20120413
20120412,B103652/002,Active,Intel DH77EB,PC,2012-09-18,Eagers Holden Newstead,836 Eagers Holden,Parts,94324305,2013-02-27,13,20120412
20120411,B103652/001,Active,Intel DH77EB,PC,2012-09-18,Eagers Holden Windsor,836 Eagers Holden,Parts,94324304,2013-02-27,13,20120411
20120360,5C054207H,Active,PT525A-00801901,Notebook,2012-09-20,IT Darwin,IT,IT,94324303,2013-02-27,13,20120360
20120359,6C082326H,Active,PT525A-00801901,Notebook,2012-09-20,Porsche Centre Brisbane Newstead,805 Austral Porsche,Sales,94324302,2013-02-26,13,20120359
20120358,6C082328H,Active,PT525A-00801901,Notebook,2012-09-20,BMA CarZoos,810a BMA CarZoos,Sales,94324301,2013-02-26,13,20120358
20120356,4C056566H,Active,PT525A-00801901,Notebook,2012-09-20,BMA CarZoos,810a BMA CarZoos,Sales,94324300,2013-02-15,13,20120356
20120355,7B153360H,Active,PT525A-00801901,Notebook,2012-09-20,BMA CarZoos,810a BMA CarZoos,Sales,94324299,2013-02-08,13,20120355
20120354,4C056553H,Active,PT525A-00801901,Notebook,2012-09-20,Eagers Holden Newstead,836 Eagers Holden,Parts,94324298,2013-02-26,13,20120354
20120339,4C056559H,Active,PT525A-00801901,Notebook,2012-08-27,Torque Toyota Brendale,809 Torque Toyota,Sales,94324297,2013-02-27,13,20120339
20120338,4C056571H,Active,PT525A-00801901,Notebook,2012-08-27,Torque Toyota North Lakes,809 Torque Toyota,Sales,94324296,2013-02-27,13,20120338
20120337,6C082778H,Active,PT525A-00801901,Notebook,2012-08-27,Torque Toyota Brendale,809 Torque Toyota,Sales,94324295,2013-02-23,13,20120337
20120336,7B153040H,Active,PT525A-00801901,Notebook,2012-08-27,BMA CarZoos,810a BMA CarZoos,Sales,94324294,2013-02-27,13,20120336
20120334,6C081528H,Active,PT525A-00801901,Notebook,2012-08-27,Austral PAG Fortitude Valley,806 Austral PAG,Admin,94324293,2013-02-22,13,20120334
20120333,6C081536H,Active,PT525A-00801901,Notebook,2012-08-27,Torque Toyota Brendale,809 Torque Toyota,Sales,94324292,2013-02-27,13,20120333
20120332,5C054174H,Active,PT525A-00801901,Notebook,2012-08-27,Torque Toyota Brendale,809 Torque Toyota,Sales,94324291,2013-02-27,13,20120332
20120296,B103298/006,Active,Intel DH77EB,PC,2012-07-30,Predelivery Pinkenba,808 Metro,Pre Delivery,94324290,2013-02-27,13,20120296
20120294,B103298/004,Active,Intel DH77EB,PC,2012-07-30,Eagers Holden Windsor,836 Eagers Holden,Sales,94324289,2013-02-27,13,20120294
20120293,B103298/003,Active,Intel DH77EB,PC,2012-07-30,Austral PAG Fortitude Valley,806 Austral PAG,Service,94324288,2013-02-27,13,20120293
20120292,B103298/002,Active,Intel DH77EB,PC,2012-07-30,Torque Toyota Pre-delivery,809 Torque Toyota,Pre Delivery,94324287,2013-02-27,13,20120292
20120291,B103298/001,Active,Intel DH77EB,PC,2012-07-30,Torque Ford Admin,820 Torque Ford,Admin,94324286,2013-02-27,13,20120291
20120289,4C056560H,Active,PT525A-00801901,Notebook,2012-07-25,Eagers Holden Windsor,836 Eagers Holden,Admin,94324285,2013-02-27,13,20120289
20120288,4C056594H,Active,PT525A-00801901,Notebook,2012-07-25,Eagers Mitsubishi Newstead,803 Eagers Misubishi&Kia,Showroom,94324284,2013-02-27,13,20120288
20120287,4C056876H,Active,PT525A-00801901,Notebook,2012-07-25,Corporate QLD/NT Division,APFP258B QLD-NT Division,Admin,94324283,2013-02-27,13,20120287
20120286,4C056555H,Active,PT525A-00801901,Notebook,2012-07-25,Metro Ford Fortitude Valley,808 Metro,Showroom,94324282,2013-02-26,13,20120286
20120285,4C056608H,Active,PT525A-00801901,Notebook,2012-07-25,Torque Toyota North Lakes,809 Torque Toyota,Showroom,94324281,2013-02-27,13,20120285
20120284,4C056587H,Active,PT525A-00801901,Notebook,2012-07-25,Torque Toyota Brendale,809 Torque Toyota,Sales,94324280,2013-02-26,13,20120284
20120283,4C056602H,Active,PT525A-00801901,Notebook,2012-07-25,Porsche Centre Brisbane Newstead,805 Austral Porsche,Service,94324279,2013-02-27,13,20120283
20120282,4C056605H,Active,PT525A-00801901,Notebook,2012-07-25,Southside Toyota Mt Gravatt,801 Southside Toyota,Sales,94324278,2013-02-27,13,20120282
20120281,4C056886H,Active,PT525A-00801901,Notebook,2012-07-25,Subaru City Newstead,804 CAG Subaru,Showroom,94324277,2013-02-27,13,20120281
20120279,4C056577H,Active,PT525A-00801901,Notebook,2012-07-25,Torque Toyota Brendale,809 Torque Toyota,Sales,94324276,2013-02-27,13,20120279
20120277,4C056597H,Active,PT525A-00801901,Notebook,2012-07-25,Austral VW Newstead,807 Austral Honda-VW,Admin,94324275,2013-02-27,13,20120277
20120276,4C056589H,Active,PT525A-00801901,Notebook,2012-07-25,Eagers Holden Windsor,836 Eagers Holden,Showroom,94324274,2013-02-27,13,20120276
20120266,B103297/002,Active,Intel DH77EB,PC,2012-07-18,Bridge Toyota Darwin,814 Bridge Toyota Darwin,Admin,94324273,2013-02-14,13,20120266
20120265,B103297/001,Active,Intel DH77EB,PC,2012-07-18,Bridge Toyota Darwin,814 Bridge Toyota Darwin,Service,94324272,2013-02-27,13,20120265
20120249,B103127/008,Active,Intel DH77EB,PC,2012-07-12,Eagers Holden Windsor,836 Eagers Holden,Service,94324271,2013-02-27,13,20120249
20120248,B103127/007,Active,Intel DH77EB,PC,2012-07-12,Torque Ford Admin,820 Torque Ford,Admin,94324270,2013-02-27,13,20120248
20120247,B103127/006,Active,Intel DH77EB,PC,2012-07-12,Eagers Holden Windsor,836 Eagers Holden,Service,94324269,2013-02-27,13,20120247
20120246,B103127/005,Active,Intel DH77EB,PC,2012-07-12,Torque Toyota North Lakes,809 Torque Toyota,Panel Shop,94324268,2013-02-27,13,20120246
20120245,B103127/004,Active,Intel DH77EB,PC,2012-07-12,Southside Honda Buranda,802 Southside Honda,Service,94324267,2013-02-27,13,20120245
20120244,B103127/003,Active,Intel DH77EB,PC,2012-07-12,Austral Honda Newstead,807 Austral Honda-VW,Sales,94324266,2013-02-16,13,20120244
20120243,B103127/002,Active,Intel DH77EB,PC,2012-07-12,Metro Ford Fortitude Valley,808 Metro,Showroom,94324265,2013-02-27,13,20120243
20120242,B103127/001,Active,Intel DH77EB,PC,2012-07-12,AUS Curraminidi,827 Austral S-coast,Parts,94324264,2013-02-27,13,20120242
20120236,8B114324H,Active,PT525A-00801901,Notebook,2012-07-03,Southside Honda Buranda,802 Southside Honda,Sales,94324263,2013-02-26,13,20120236
20120235,8B114367H,Active,PT525A-00801901,Notebook,2012-07-03,Infiniti Centre Brisbane,APGB863 Infiniti,Sales,94324262,2013-02-27,13,20120235
20120234,8B114364H,Active,PT525A-00801901,Notebook,2012-07-03,Infiniti Centre Brisbane,APGB863 Infiniti,Sales,94324261,2013-02-27,13,20120234
20120233,8B114347H,Active,PT525A-00801901,Notebook,2012-07-03,Metro Ford Fortitude Valley,808 Metro,Admin,94324260,2013-02-27,13,20120233
20120232,8B114339H,Active,PT525A-00801901,Notebook,2012-07-03,Infiniti Centre Brisbane,APGB863 Infiniti,Sales,94324259,2013-02-27,13,20120232
20120231,8B114342H,Active,PT525A-00801901,Notebook,2012-07-03,Eagers Mazda Newstead,833 Eagers Mazda,Showroom,94324258,2013-02-12,13,20120231
20120230,8B114351H,Active,PT525A-00801901,Notebook,2012-07-03,Torque Ford North Lakes,820 Torque Ford,Sales,94324257,2013-02-27,13,20120230
20120229,8B115742H,Active,PT525A-00801901,Notebook,2012-07-03,Torque Subaru Brendale,804 CAG Subaru,Sales,94324256,2013-02-27,13,20120229
20120222,B103128/003,Active,Intel DH77EB,PC,2012-06-22,Bridge Toyota Darwin,814 Bridge Toyota Darwin,Parts,94324255,2013-02-27,13,20120222
20120221,B103128/002,Active,Intel DH77EB,PC,2012-06-22,Bridge Toyota Darwin,814 Bridge Toyota Darwin,Admin,94324254,2013-02-27,13,20120221
20120214,8B115726H,Active,PT525A-00801901,Notebook,2012-06-04,Eagers Holden Newstead,836 Eagers Holden,Admin,94324253,2013-02-27,13,20120214
20120213,B102945/014,Active,Intel DH67,PC,2012-05-28,Metro Ford Eagle Farm,808 Metro,Parts,94324252,2013-02-27,13,20120213
20120212,B102945/013,Active,Intel DH67,PC,2012-05-28,Austral VW Newstead,807 Austral Honda-VW,Parts,94324251,2013-02-27,13,20120212
20120211,B102945/012,Active,Intel DH67,PC,2012-05-28,Southside Toyota Mt Gravatt,801 Southside Toyota,Service,94324250,2013-02-27,13,20120211
20120210,B102945/011,Active,Intel DH67,PC,2012-05-28,Eagers Holden Windsor,836 Eagers Holden,Admin,94324249,2013-02-27,13,20120210
20120209,B102945/010,Active,Intel DH67,PC,2012-05-28,Austral PAG Fortitude Valley,806 Austral PAG,Service,94324248,2013-02-27,13,20120209
20120208,B102945/009,Active,Intel DH67,PC,2012-05-28,Austral Motors Newstead,807 Austral Honda-VW,Parts,94324247,2013-02-27,13,20120208
20120207,B102945/008,Active,Intel DH67,PC,2012-05-28,Subaru Toowong,804 CAG Subaru,Admin,94324246,2013-02-27,13,20120207
20120206,B102945/007,Active,Intel DH67,PC,2012-05-28,Corporate Payroll,APPP258B Payroll,Admin,94324245,2013-02-27,13,20120206
20120205,B102945/006,Active,Intel DH67,PC,2012-05-28,Eagers Holden Newstead,836 Eagers Holden,Parts,94324244,2013-02-26,13,20120205
20120204,B102945/005,Active,Intel DH67,PC,2012-05-28,Torque Toyota North Lakes,809 Torque Toyota,Parts,94324243,2013-02-27,13,20120204
20120203,B102945/004,Active,Intel DH67,PC,2012-05-28,Eagers Holden Newstead,836 Eagers Holden,Parts,94324242,2013-02-27,13,20120203
20120202,B102945/003,Active,Intel DH67,PC,2012-05-28,Austral Honda Newstead,807 Austral Honda-VW,Service,94324241,2013-02-27,13,20120202
20120201,B102945/002,Active,Intel DH67,PC,2012-05-28,Eagers Mitsubishi Newstead,803 Eagers Misubishi&Kia,Admin,94324240,2013-02-25,13,20120201
20120200,B102945/001,Active,Intel DH67,PC,2012-05-28,BMA Pinkenba,810 Brisbane Motor Auction,Service,94324239,2013-02-27,13,20120200
20120199,8B114349H,Active,PT525A-00801901,Notebook,2012-06-04,Subaru Toowong,804 CAG Subaru,Sales,94324238,2013-02-26,13,20120199
20120198,8B115741H,Active,PT525A-00801901,Notebook,2012-06-04,Southside Honda Buranda,802 Southside Honda,Sales,94324237,2013-02-27,13,20120198
20120197,8B114379H,Active,PT525A-00801901,Notebook,2012-06-04,Southside Ford Woolloongabba,808 Metro,Service,94324236,2013-02-27,13,20120197
20120196,8B115745H,Active,PT525A-00801901,Notebook,2012-06-04,Austral PAG Fortitude Valley,806 Austral PAG,Showroom,94324235,2013-02-27,13,20120196
20120195,8B115727H,Active,PT525A-00801901,Notebook,2012-06-04,Subaru City Newstead,804 CAG Subaru,Showroom,94324234,2013-02-25,13,20120195
20120194,7B156880H,Active,PT525A-00801901,Notebook,2012-06-04,Torque Honda North Lakes,821 Torque Honda,Sales,94324233,2013-02-27,13,20120194
20120193,B102961/001,Active,Intel DH77EB,PC,2012-05-29,IT Pinkenba,IT,IT,94324232,2013-02-26,13,20120193
20120192,7B152573H,Active,PT525A-00801901,Notebook,2012-06-04,Southside Honda Buranda,802 Southside Honda,Service,94324231,2013-02-26,13,20120192
20120191,B102966/002,Active,Intel DH67,PC,2012-05-25,Bridge Toyota Darwin,814 Bridge Toyota Darwin,Discount Cars,94324230,2013-02-27,13,20120191
20120190,B102966/001,Active,Intel DH67,PC,2012-05-25,Bridge Toyota Darwin,814 Bridge Toyota Darwin,Admin,94324229,2013-02-27,13,20120190
20120189,8B115748H,Active,PT525A-00801901,Notebook,2012-05-24,HVF Berrimah,815 AP Motor Group,Sales,94324228,2013-02-27,13,20120189
20120188,B102769/015,Active,Intel DH67,PC,2012-05-22,Austral PAG Fortitude Valley,806 Austral PAG,Sales,94324227,2013-02-26,13,20120188
20120187,B102769/014,Active,Intel DH67,PC,2012-05-22,BMA Pinkenba,810 Brisbane Motor Auction,Admin,94324226,2013-02-26,13,20120187
20120186,B102769/013,Active,Intel DH67,PC,2012-05-22,Eagers Mazda Newstead,833 Eagers Mazda,Showroom,94324225,2013-02-27,13,20120186
20120185,B102769/012,Active,Intel DH67,PC,2012-05-22,Metro Ford Fortitude Valley,808 Metro,Showroom,94324224,2013-02-04,13,20120185
20120184,B102769/011,Active,Intel DH67,PC,2012-05-22,Southside Toyota Mt Gravatt,801 Southside Toyota,Pre Delivery,94324223,2013-02-27,13,20120184
20120181,B102769/008,Active,Intel DH67,PC,2012-05-22,Austral PAG Fortitude Valley,806 Austral PAG,Admin,94324221,2013-02-27,13,20120181
20120180,B102769/007,Active,Intel DH67,PC,2012-05-22,Southside Toyota Mt Gravatt,801 Southside Toyota,Pre Delivery,94324220,2013-02-27,13,20120180
20120179,B102769/006,Active,Intel DH67,PC,2012-05-22,Eagers Mitsubishi Newstead,803 Eagers Misubishi&Kia,Showroom,94324219,2013-02-26,13,20120179
20120178,B102769/005,Active,Intel DH67,PC,2012-05-22,Metro Ford Eagle Farm,808 Metro,Showroom,94324218,2013-02-27,13,20120178
20120177,B102769/004,Active,Intel DH67,PC,2012-05-22,Southside Toyota Woolloongabba,801 Southside Toyota,Service,94324217,2013-02-27,13,20120177
20120176,B102769/003,Active,Intel DH67,PC,2012-05-22,Southside Toyota Mt Gravatt,801 Southside Toyota,Service,94324216,2013-02-27,13,20120176
20120175,B102769/002,Active,Intel DH67,PC,2012-05-22,Corporate QLD/NT Division,APFP258B QLD-NT Division,Admin,94324215,2013-02-25,13,20120175
20120174,B102769/001,Active,Intel DH67,PC,2012-05-22,Southside Toyota Mt Gravatt,801 Southside Toyota,Admin,94324214,2013-02-27,13,20120174
20120171,8B115710H,Active,PT525A-00801901,Notebook,2012-05-04,Southside Honda Buranda,802 Southside Honda,Service,94324213,2013-02-27,13,20120171
20120170,7B154965H,Active,PT525A-00801901,Notebook,2012-05-04,Southside Honda Woolloongabba,802 Southside Honda,Sales,94324212,2013-02-27,13,20120170
20120169,7B153363H,Active,PT525A-00801901,Notebook,2012-05-04,Torque Ford Strathpine,820 Torque Ford,Sales,94324211,2013-02-27,13,20120169
20120168,7B154917H,Active,PT525A-00801901,Notebook,2012-05-04,Porsche Centre Brisbane Newstead,805 Austral Porsche,Service,94324210,2013-02-26,13,20120168
20120166,7B154945H,Active,PT525A-00801901,Notebook,2012-05-04,Southside Ford Woolloongabba,808 Metro,Service,94324209,2013-02-27,13,20120166
20120165,7B156886H,Active,PT525A-00801901,Notebook,2012-05-04,IT Pinkenba,IT,ERA,94324208,2013-02-26,13,20120165
20120164,7B156852H,Active,PT525A-00801901,Notebook,2012-05-04,Southside Toyota Woolloongabba,801 Southside Toyota,Admin,94324207,2013-02-27,13,20120164
20120153,B102771/002,Active,Intel DH67,PC,2012-04-27,Bridge Toyota Darwin,814 Bridge Toyota Darwin,Service,94324206,2013-02-27,13,20120153
20120152,B102771/001,Active,Intel DH67,PC,2012-04-27,Bridge Toyota Darwin,814 Bridge Toyota Darwin,Admin,94324205,2013-02-25,13,20120152
20120150,B102542/005,Active,Intel DH67,PC,2012-03-30,Metro Ford Fortitude Valley,808 Metro,Sales,94324204,2013-02-27,13,20120150
20120149,B102542/004,Active,Intel DH67,PC,2012-03-30,Eagers Holden Windsor,836 Eagers Holden,Service,94324203,2013-02-27,13,20120149
20120148,B102542/003,Active,Intel DH67,PC,2012-03-30,BMA Pinkenba,810 Brisbane Motor Auction,Service,94324202,2013-02-27,13,20120148
20120147,B102542/002,Active,Intel DH67,PC,2012-03-30,Austral VW Newstead,807 Austral Honda-VW,Service,94324201,2013-02-27,13,20120147
20120146,B102542/001,Active,Intel DH67,PC,2012-03-30,Southside Toyota Mt Gravatt,801 Southside Toyota,Showroom,94324200,2013-02-25,13,20120146
20120139,7B156854H,Active,PT525A-00801901,Notebook,2012-03-29,Austral PAG Fortitude Valley,806 Austral PAG,Admin,94324199,2013-02-27,13,20120139
20120138,7B154297H,Active,PT525A-00801901,Notebook,2012-03-29,Eagers Holden Windsor,836 Eagers Holden,Sales,94324198,2013-02-26,13,20120138
20120137,7B156868H,Active,PT525A-00801901,Notebook,2012-03-29,Torque Ford Strathpine,820 Torque Ford,Sales,94324197,2013-02-19,13,20120137
20120136,7B154287H,Active,PT525A-00801901,Notebook,2012-03-29,Eagers Mazda Newstead,833 Eagers Mazda,Sales,94324196,2013-02-27,13,20120136
20120135,7B156860H,Active,PT525A-00801901,Notebook,2012-03-29,IT Pinkenba,IT,IT,94324195,2013-02-27,13,20120135
20120134,7B154934H,Active,PT525A-00801901,Notebook,2012-03-29,Corporate QLD/NT Division,APFP258B QLD-NT Division,Admin,94324194,2013-02-26,13,20120134
20120133,7B156853H,Active,PT525A-00801901,Notebook,2012-03-29,IT Pinkenba,IT,IT,94324193,2013-01-31,13,20120133
20120132,7B156882H,Active,PT525A-00801901,Notebook,2012-03-29,IT Pinkenba,IT,IT,94324192,2013-02-22,13,20120132
20120125,B102543/002,Active,Intel DH67,PC,2012-03-21,Bridge Toyota Darwin,814 Bridge Toyota Darwin,Sales,94324191,2013-02-19,13,20120125
20120124,B102543/001,Active,Intel DH67,PC,2012-03-21,Bridge Toyota Darwin,814 Bridge Toyota Darwin,Sales,94324190,2013-02-26,13,20120124
20120123,7B154292H,Active,PT525A-00801901,Notebook,2012-03-19,Bridge Toyota Darwin,814 Bridge Toyota Darwin,Sales,94324189,2013-02-25,13,20120123
20120100,B102313/010,Active,Intel DH67,PC,2012-02-29,AUS Curraminidi,827 Austral S-coast,Service,94324188,2013-02-27,13,20120100
20120097,B102313/007,Active,Intel DH67,PC,2012-02-29,Eagers Holden Townsville,836 Eagers Holden,Parts,94324187,2013-02-27,13,20120097
20120096,B102313/006,Active,Intel DH67,PC,2012-02-29,Metro Parts Eagle Farm,808 Metro,Parts,94324186,2013-02-25,13,20120096
20120094,B102313/004,Active,Intel DH67,PC,2012-02-29,Austral PAG Fortitude Valley,806 Austral PAG,Parts,94324185,2013-02-27,13,20120094
20120092,B102313/002,Active,Intel DH67,PC,2012-02-29,Metro Parts Eagle Farm,808 Metro,Parts,94324184,2013-02-27,13,20120092
20120091,B102313/001,Active,Intel DH67,PC,2012-02-29,Metro Parts Eagle Farm,808 Metro,Parts,94324183,2013-02-27,13,20120091
20120077,B102365/002,Active,Intel DH67,PC,2012-02-21,Bridge Toyota Palmerston,814 Bridge Toyota Darwin,Parts,94324182,2013-02-25,13,20120077
20120076,B102365/001,Active,Intel DH67,PC,2012-02-21,Bridge Toyota Palmerston,814 Bridge Toyota Darwin,Parts,94324181,2013-02-27,13,20120076
20120074,8B115723H,Active,PT525A-00801901,Notebook,2012-02-21,HVF Berrimah,815 AP Motor Group,Sales,94324180,2013-02-27,13,20120074
20120073,8B115718H,Active,PT525A-00801901,Notebook,2012-02-21,HVF Berrimah,815 AP Motor Group,Parts,94324179,2013-02-27,13,20120073
20120064,7B154967H,Active,PT525A-00801901,Notebook,2012-02-20,Austral VW Newstead,807 Austral Honda-VW,Sales,94324178,2013-02-04,13,20120064
20120062,8B114354H,Active,PT525A-00801901,Notebook,2012-02-23,Austral VW Newstead,807 Austral Honda-VW,Sales,94324177,2013-02-27,13,20120062
20120061,8B114346H,Active,PT525A-00801901,Notebook,2012-02-23,Corporate QLD/NT Division,APFP258B QLD-NT Division,Showroom,94324176,2013-02-27,13,20120061
20120060,8B114340H,Active,PT525A-00801901,Notebook,2012-02-23,Corporate QLD/NT Division,APFP258B QLD-NT Division,Admin,94324175,2013-02-27,13,20120060
20120058,8B115733H,Active,PT525A-00801901,Notebook,2012-02-23,Corporate Office Fortitude Valley,APGP258B Corporate,Admin,94324174,2013-02-27,13,20120058
20120057,8B115737H,Active,PT525A-00801901,Notebook,2012-02-23,Eagers Holden Windsor,836 Eagers Holden,Sales,94324173,2013-02-27,13,20120057
20120056,7B152558H,Active,PT525A-00801901,Notebook,2012-02-23,Torque Honda North Lakes,821 Torque Honda,Customer Relations,94324172,2013-02-27,13,20120056
20120055,7B152547H,Active,PT525A-00801901,Notebook,2012-02-23,Torque Toyota Brendale,809 Torque Toyota,Sales,94324171,2013-02-27,13,20120055
20120054,7B154946H,Active,PT525A-00801901,Notebook,2012-02-23,Southside Honda Buranda,802 Southside Honda,Service,94324170,2013-02-27,13,20120054
20120053,7B154267H,Active,PT525A-00801901,Notebook,2012-02-23,Metro Ford Fortitude Valley,808 Metro,Customer Relations,94324169,2013-02-26,13,20120053
20120052,7B154922H,Active,PT525A-00801901,Notebook,2012-02-23,WHOP Leaseline & General,WHOP258B Leaseline & General,Admin,94324168,2013-02-27,13,20120052
20120051,7B154949H,Active,PT525A-00801901,Notebook,2012-02-23,Corporate Office Fortitude Valley,APGP258B Corporate,Admin,94324167,2013-02-27,13,20120051
20120050,7B154951H,Active,PT525A-00801901,Notebook,2012-02-23,Austral PAG Fortitude Valley,806 Austral PAG,Parts,94324166,2013-02-22,13,20120050
20120026,7B102428H,Active,PTSE1A-00K005,Notebook,2012-01-25,HVF Berrimah,815 AP Motor Group,Service,94324165,2013-02-27,13,20120026
20120025,7B102440H,Active,PTSE1A-00K005,Notebook,2012-01-25,Southside Toyota Mt Gravatt,801 Southside Toyota,Sales,94324164,2013-02-27,13,20120025
20120022,7B102415H,Active,PTSE1A-00K005,Notebook,2012-01-25,Metro Ford Fortitude Valley,808 Metro,Service,94324163,2013-02-27,13,20120022
20120021,7B076659H,Active,PTSE1A-00K005,Notebook,2012-01-25,Torque Honda North Lakes,821 Torque Honda,Service,94324162,2013-02-27,13,20120021
20120020,7B129100H,Active,PTSE1A-00K005,Notebook,2012-01-25,Metro Ford Fortitude Valley,808 Metro,Service,94324161,2013-02-27,13,20120020
20120019,7B076630H,Active,PTSE1A-00K005,Notebook,2012-01-25,Eagers Mitsubishi Newstead,803 Eagers Misubishi&Kia,Showroom,94324160,2013-02-27,13,20120019
20120018,B102091/014,Active,Intel DH67,PC,2012-01-25,Austral PAG Fortitude Valley,806 Austral PAG,Sales,94324159,2013-02-27,13,20120018
20120017,B102091/013,Active,Intel DH67,PC,2012-01-25,Austral PAG Fortitude Valley,806 Austral PAG,Service,94324158,2013-02-27,13,20120017
20120016,B102091/012,Active,Intel DH67,PC,2012-01-25,Southside Toyota Woolloongabba,801 Southside Toyota,Admin,94324157,2013-02-26,13,20120016
20120015,B102091/011,Active,Intel DH67,PC,2012-01-25,Eagers Holden Windsor,836 Eagers Holden,Showroom,94324156,2013-02-21,13,20120015
20120014,B102091/010,Active,Intel DH67,PC,2012-01-25,Southside Toyota Woolloongabba,801 Southside Toyota,Service,94324155,2013-02-27,13,20120014
20120013,B102091/009,Active,Intel DH67,PC,2012-01-25,Southside Honda Buranda,802 Southside Honda,Sales,94324154,2013-02-27,13,20120013
20120012,B102091/008,Active,Intel DH67,PC,2012-01-25,Southside Honda Buranda,802 Southside Honda,Sales,94324153,2013-02-27,13,20120012
20120011,B102091/007,Active,Intel DH67,PC,2012-01-25,Austral VW Newstead,807 Austral Honda-VW,Service,94324152,2013-02-18,13,20120011
20120009,B102091/005,Active,Intel DH67,PC,2012-01-25,Southside Toyota Mt Gravatt,801 Southside Toyota,Sales,94324151,2013-02-27,13,20120009
20120007,B102091/003,Active,Intel DH67,PC,2012-01-25,Eagers Kia Kedron,803 Eagers Misubishi&Kia,Showroom,94324150,2013-02-27,13,20120007
20120006,B102091/002,Active,Intel DH67,PC,2012-01-25,Southside Toyota Woolloongabba,801 Southside Toyota,Sales,94324149,2013-02-27,13,20120006
20120005,B102091/001,Active,Intel DH67,PC,2012-01-25,SSV/SSR Buranda,806 Austral PAG,Service,94324148,2013-02-27,13,20120005
20120004,B102101/002,Active,Intel DH67,PC,2012-01-25,Bridge Toyota Darwin,814 Bridge Toyota Darwin,Showroom,94324147,2013-02-27,13,20120004
20120003,B102101/001,Active,Intel DH67,PC,2012-01-25,Bridge Toyota Darwin,814 Bridge Toyota Darwin,Service,94324146,2013-02-27,13,20120003
20120002,7B102450H,Active,PTSE1A-00K005,Notebook,2012-01-25,IT Pinkenba,IT,IT,94324145,2013-02-27,13,20120002
20110841,B099620/002,Active,Intel DH67,PC,1970-01-01,Metro Parts Eagle Farm,808 Metro,Parts,94324144,2013-02-26,13,20110841
20110587,B101786/018,Active,Intel DH67,PC,2011-12-07,BMA Pinkenba,810 Brisbane Motor Auction,Showroom,94324143,2013-02-21,13,20110587
20110586,B101786/017,Active,Intel DH67,PC,2011-12-07,Southside Toyota Woolloongabba,801 Southside Toyota,Sales,94324142,2013-02-21,13,20110586
20110585,B101786/016,Active,Intel DH67,PC,2011-12-07,Corporate Office Fortitude Valley,APGP258B Corporate,Admin,94324141,2013-02-27,13,20110585
20110584,B101786/015,Active,Intel DH67,PC,2011-12-07,Carzoos BDC Wgabba,APZP258B CarZoos,Sales,94324140,2013-02-15,13,20110584
20110583,B101786/014,Active,Intel DH67,PC,2011-12-07,SSV/SSR Buranda,806 Austral PAG,Service,94324139,2013-02-27,13,20110583
20110582,B101786/013,Active,Intel DH67,PC,2011-12-07,Torque Toyota North Lakes,809 Torque Toyota,Service,94324138,2013-02-27,13,20110582
20110581,B101786/012,Active,Intel DH67,PC,2011-12-07,Torque Toyota North Lakes,809 Torque Toyota,Customer Relations,94324137,2013-02-27,13,20110581
20110580,B101786/011,Active,Intel DH67,PC,2011-12-07,Eagers Holden Newstead,836 Eagers Holden,Parts,94324136,2013-02-27,13,20110580
20110578,B101786/009,Active,Intel DH67,PC,2011-12-07,Eagers Holden Windsor,836 Eagers Holden,Admin,94324135,2013-02-27,13,20110578
20110577,B101786/008,Active,Intel DH67,PC,2011-12-07,Metro Parts Eagle Farm,808 Metro,Parts,94324134,2013-02-27,13,20110577
20110576,B101786/007,Active,Intel DH67,PC,2011-12-07,Southside Toyota Woolloongabba,801 Southside Toyota,Service,94324133,2013-02-27,13,20110576
20110575,B101786/006,Active,Intel DH67,PC,2011-12-07,Eagers Mazda Newstead,833 Eagers Mazda,Showroom,94324132,2013-02-27,13,20110575
20110574,B101786/005,Active,Intel DH67,PC,2011-12-07,Southside Toyota Woolloongabba,801 Southside Toyota,Panel Shop,94324131,2013-02-27,13,20110574
20110572,B101786/003,Active,Intel DH67,PC,2011-12-07,Eagers Holden Windsor,836 Eagers Holden,Showroom,94324130,2013-02-27,13,20110572
20110571,B101786/002,Active,Intel DH67,PC,2011-12-07,Panel Shop Brendale,809 Torque Toyota,Panel Shop,94324129,2013-02-27,13,20110571
20110570,B101786/001,Active,Intel DH67,PC,2011-12-07,Torque Ford North Lakes,820 Torque Ford,Warranty,94324128,2013-02-26,13,20110570
20110560,8B121036H,Active,PT525A-003019,Notebook,2011-12-07,Austral PAG Fortitude Valley,806 Austral PAG,Parts,94324127,2013-02-14,13,20110560
20110559,8B107509H,Active,PT525A-003019,Notebook,2011-12-07,Subaru Toowong,804 CAG Subaru,Showroom,94324126,2013-02-27,13,20110559
20110558,8B121068H,Active,PT525A-003019,Notebook,2011-12-07,Austral VW Newstead,807 Austral Honda-VW,Sales,94324125,2013-02-16,13,20110558
20110557,8B107480H,Active,PT525A-003019,Notebook,2011-12-07,Subaru Toowong,804 CAG Subaru,Sales,94324124,2013-02-27,13,20110557
20110556,8B121046H,Active,PT525A-003019,Notebook,2011-12-07,Subaru City Newstead,804 CAG Subaru,Sales,94324123,2013-02-27,13,20110556
20110555,8B121057H,Active,PT525A-003019,Notebook,2011-12-07,Subaru City Newstead,804 CAG Subaru,Sales,94324122,2013-02-27,13,20110555
20110554,8B107478H,Active,PT525A-003019,Notebook,2011-12-07,Torque Ford North Lakes,820 Torque Ford,Sales,94324121,2013-02-27,13,20110554
20110553,8B107495H,Active,PT525A-003019,Notebook,2011-11-29,Bridge Toyota Palmerston,814 Bridge Toyota Darwin,Sales,94324120,2013-02-15,13,20110553
20110551,B101806/001,Active,Intel DH67,PC,2011-11-29,Bridge Toyota Palmerston,814 Bridge Toyota Darwin,Sales,94324119,2013-02-27,13,20110551
20110550,B101806/002,Active,Intel DH67,PC,2011-11-29,Bridge Toyota Darwin,814 Bridge Toyota Darwin,Sales,94324118,2013-02-19,13,20110550
20110540,7B120573H,Active,PT525A-003019,Notebook,2011-10-31,Southside Honda Buranda,802 Southside Honda,Service,94324117,2013-02-27,13,20110540
20110539,7B122275H,Active,PT525A-003019,Notebook,2011-10-31,Metro Parts Eagle Farm,808 Metro,Parts,94324116,2013-02-26,13,20110539
20110535,8B121085H,Active,PT525A-003019,Notebook,2011-10-31,Southside Toyota Woolloongabba,801 Southside Toyota,Sales,94324115,2013-02-26,13,20110535
20110533,8B107506H,Active,PT525A-003019,Notebook,2011-10-31,Metro Parts Eagle Farm,808 Metro,Parts,94324114,2013-02-12,13,20110533
20110531,B101434/018,Active,Intel DH67,PC,2011-11-04,Southside Toyota Woolloongabba,801 Southside Toyota,Service,94324113,2013-02-27,13,20110531
20110530,B101434/017,Active,Intel DH67,PC,2011-11-04,Caloundra City Holden,837 Caloundra City Autos,Admin,94324112,2013-02-22,13,20110530
20110528,B101434/015,Active,Intel DH67,PC,2011-11-04,AUS Curraminidi,827 Austral S-coast,Sales,94324111,2013-02-27,13,20110528
20110527,B101434/014,Active,Intel DH67,PC,2011-11-04,Caloundra City Holden,837 Caloundra City Autos,Service,94324110,2013-02-20,13,20110527
20110526,B101434/013,Active,Intel DH67,PC,2011-11-04,Eagers Mitsubishi Newstead,803 Eagers Misubishi&Kia,Showroom,94324109,2013-02-27,13,20110526
20110525,B101434/012,Active,Intel DH67,PC,2011-11-04,Eagers Mazda Newstead,833 Eagers Mazda,Service,94324108,2013-02-15,13,20110525
20110524,B101434/011,Active,Intel DH67,PC,2011-11-04,Subaru City Newstead,804 CAG Subaru,Showroom,94324107,2013-02-27,13,20110524
20110523,B101434/010,Active,Intel DH67,PC,2011-11-04,Eagers Mazda Newstead,833 Eagers Mazda,Service,94324106,2013-02-27,13,20110523
20110522,B101434/009,Active,Intel DH67,PC,2011-11-04,Southside Toyota Mt Gravatt,801 Southside Toyota,Showroom,94324105,2013-02-27,13,20110522
20110521,B101434/008,Active,Intel DH67,PC,2011-11-04,Torque Ford North Lakes,820 Torque Ford,Parts,94324104,2013-02-27,13,20110521
20110520,B101434/007,Active,Intel DH67,PC,2011-11-04,Southside Ford Woolloongabba,808 Metro,Service,94324103,2013-02-27,13,20110520
20110519,B101434/006,Active,Intel DH67,PC,2011-11-04,Eagers Holden Windsor,836 Eagers Holden,Warranty,94324102,2013-02-27,13,20110519
20110518,B101434/005,Active,Intel DH67,PC,2011-11-04,Eagers Holden Newstead,836 Eagers Holden,Parts,94324101,2013-02-27,13,20110518
20110517,B101434/004,Active,Intel DH67,PC,2011-11-04,Southside Honda Buranda,802 Southside Honda,Parts,94324100,2013-02-27,13,20110517
20110516,B101434/003,Active,Intel DH67,PC,2011-11-04,Austral VW Newstead,807 Austral Honda-VW,Sales,94324099,2013-02-26,13,20110516
20110515,B101434/002,Active,Intel DH67,PC,2011-11-04,Southside Honda Buranda,802 Southside Honda,Sales,94324098,2013-02-25,13,20110515
20110514,B101434/001,Active,Intel DH67,PC,2011-11-04,BMA Pinkenba,810 Brisbane Motor Auction,Sales,94324097,2013-02-25,13,20110514
20110502,B101460/002,Active,Intel DH67,PC,2011-10-21,Bridge Toyota Darwin,814 Bridge Toyota Darwin,Showroom,94324096,2013-02-27,13,20110502
20110492,B101299/018,Active,Intel DH67,PC,2011-10-06,Subaru Toowong,804 CAG Subaru,Parts,94324095,2013-02-27,13,20110492
20110491,B101299/017,Active,Intel DH67,PC,2011-10-06,Southside Toyota Mt Gravatt,801 Southside Toyota,Pre Delivery,94324094,2013-02-27,13,20110491
20110489,B101299/015,Active,Intel DH67,PC,2011-10-06,Eagers Mazda Newstead,833 Eagers Mazda,Admin,94324093,2013-02-27,13,20110489
20110488,B101299/014,Active,Intel DH67,PC,2011-10-06,Southside Toyota Woolloongabba,801 Southside Toyota,Parts,94324092,2013-02-27,13,20110488
20110487,B101299/013,Active,Intel DH67,PC,2011-10-06,Southside Toyota Woolloongabba,801 Southside Toyota,Parts,94324091,2013-02-27,13,20110487
20110486,B101299/012,Active,Intel DH67,PC,2011-10-06,IT Pinkenba,IT,IT,94324090,2013-02-21,13,20110486
20110484,B101299/010,Active,Intel DH67,PC,2011-10-06,Austral PAG Fortitude Valley,806 Austral PAG,Sales,94324089,2013-02-27,13,20110484
20110483,B101299/009,Active,Intel DH67,PC,2011-10-06,Southside Honda Buranda,802 Southside Honda,Sales,94324088,2013-02-27,13,20110483
20110482,B101299/008,Active,Intel DH67,PC,2011-10-06,Eagers Holden Newstead,836 Eagers Holden,Service,94324087,2013-02-27,13,20110482
20110481,B101299/007,Active,Intel DH67,PC,2011-10-06,Southside Honda Buranda,802 Southside Honda,Parts,94324086,2013-02-27,13,20110481
20110480,B101299/006,Active,Intel DH67,PC,2011-10-06,Southside Honda Buranda,802 Southside Honda,Parts,94324085,2013-02-27,13,20110480
20110479,B101299/005,Active,Intel DH67,PC,2011-10-06,Corporate Payroll,APPP258B Payroll,Admin,94324084,2013-02-19,13,20110479
20110478,B101299/004,Active,Intel DH67,PC,2011-10-06,Torque Toyota Brendale,809 Torque Toyota,Parts,94324083,2013-02-27,13,20110478
20110477,B101299/003,Active,Intel DH67,PC,2011-10-06,Torque Toyota Brendale,809 Torque Toyota,Service,94324082,2013-02-27,13,20110477
20110476,B101299/002,Active,Intel DH67,PC,2011-10-06,Torque Toyota Pre-delivery,809 Torque Toyota,Pre Delivery,94324081,2013-02-27,13,20110476
20110475,B101299/001,Active,Intel DH67,PC,2011-10-06,Torque Toyota North Lakes,809 Torque Toyota,Service,94324080,2013-02-15,13,20110475
20110472,B101308/001,Active,Intel DH67,PC,2011-10-03,HVF Berrimah,815 AP Motor Group,Parts,94324079,2013-02-27,13,20110472
20110469,7B120609H,Active,PT525A-003019,Notebook,2011-09-29,Southside Toyota Woolloongabba,801 Southside Toyota,Sales,94324077,2013-02-16,13,20110469
20110468,7B120603H,Active,PT525A-003019,Notebook,2011-09-29,Southside Toyota Woolloongabba,801 Southside Toyota,Sales,94324076,2013-02-16,13,20110468
20110467,7B120597H,Active,PT525A-003019,Notebook,2011-09-29,Austral VW Newstead,807 Austral Honda-VW,Service,94324075,2013-02-27,13,20110467
20110466,7B120648H,Active,PT525A-003019,Notebook,2011-09-29,Corporate Office Fortitude Valley,APGP258B Corporate,Admin,94324074,2013-02-27,13,20110466
20110465,7B122316H,Active,PT525A-003019,Notebook,2011-09-29,Torque Ford North Lakes,820 Torque Ford,Sales,94324073,2013-02-27,13,20110465
20110463,7B122310H,Active,PT525A-003019,Notebook,2011-09-27,HVF Berrimah,815 AP Motor Group,Showroom,94324072,2013-02-27,13,20110463
20110448,B101026/018,Active,Intel DH67,PC,2011-09-09,Eagers Holden Windsor,836 Eagers Holden,Admin,94324071,2013-02-27,13,20110448
20110447,B101026/017,Active,Intel DH67,PC,2011-09-09,Southside Honda Buranda,802 Southside Honda,Parts,94324070,2013-02-27,13,20110447
20110446,B101026/016,Active,Intel DH67,PC,2011-09-09,Subaru City Newstead,804 CAG Subaru,Parts,94324069,2013-02-27,13,20110446
20110445,B101026/015,Active,Intel DH67,PC,2011-09-09,Austral PAG Fortitude Valley,806 Austral PAG,Service,94324068,2013-02-27,13,20110445
20110444,B101026/014,Active,Intel DH67,PC,2011-09-09,Austral PAG Fortitude Valley,806 Austral PAG,Service,94324067,2013-02-27,13,20110444
20110443,B101026/013,Active,Intel DH67,PC,2011-09-09,Austral PAG Fortitude Valley,806 Austral PAG,Service,94324066,2013-02-27,13,20110443
20110442,B101026/012,Active,Intel DH67,PC,2011-09-09,Torque Ford Strathpine,820 Torque Ford,Service,94324065,2013-02-16,13,20110442
20110440,B101026/010,Active,Intel DH67,PC,2011-09-09,Austral PAG Fortitude Valley,806 Austral PAG,Service,94324064,2013-02-15,13,20110440
20110439,B101026/009,Active,Intel DH67,PC,2011-09-09,Austral PAG Fortitude Valley,806 Austral PAG,Warranty,94324063,2013-02-19,13,20110439
20110438,B101026/008,Active,Intel DH67,PC,2011-09-09,Subaru City Newstead,804 CAG Subaru,Showroom,94324062,2013-02-20,13,20110438
20110436,B101026/006,Active,Intel DH67,PC,2011-09-09,Torque Ford Strathpine,820 Torque Ford,Admin,94324061,2013-02-27,13,20110436
20110435,B101026/005,Active,Intel DH67,PC,2011-09-09,Southside Ford Woolloongabba,808 Metro,Service,94324060,2013-02-27,13,20110435
20110434,B101026/004,Active,Intel DH67,PC,2011-09-09,Southside Toyota Woolloongabba,801 Southside Toyota,Showroom,94324059,2013-02-27,13,20110434
20110432,B101026/002,Active,Intel DH67,PC,2011-09-09,Panel Shop Brendale,809 Torque Toyota,Panel Shop,94324058,2013-02-05,13,20110432
20110429,B101028/001,Active,Intel DH67,PC,2011-08-25,HVF Berrimah,815 AP Motor Group,Parts,94324057,2013-02-27,13,20110429
20110426,7B120657H,Active,PT525A-003019,Notebook,2011-08-29,IT Pinkenba,IT,IT,94324056,2013-02-27,13,20110426
20110425,6B113094H,Active,PT525A-003019,Notebook,2011-08-29,Metro Parts Eagle Farm,808 Metro,Parts,94324055,2013-02-15,13,20110425
20110424,7B120625H,Active,PT525A-003019,Notebook,2011-08-29,Corporate Office Fortitude Valley,APGP258B Corporate,Admin,94324054,2013-02-27,13,20110424
20110423,7B120656H,Active,PT525A-003019,Notebook,2011-08-29,Subaru Toowong,804 CAG Subaru,Admin,94324053,2013-02-27,13,20110423
20110422,7B122322H,Active,PT525A-003019,Notebook,2011-08-29,Torque Toyota Brendale,809 Torque Toyota,Sales,94324052,2013-02-27,13,20110422
20110421,7B120624H,Active,PT525A-003019,Notebook,2011-08-29,Metro Ford Fortitude Valley,808 Metro,Admin,94324051,2013-02-27,13,20110421
20110420,7B120614H,Active,PT525A-003019,Notebook,2011-08-29,Corporate Internal Audit,APAP258B Internal Audit,Admin,94324050,2013-02-27,13,20110420
20110403,B100809/018,Active,Intel DH67,PC,2011-08-09,Austral PAG Fortitude Valley,806 Austral PAG,Parts,94324049,2013-02-27,13,20110403
20110402,B100809/017,Active,Intel DH67,PC,2011-08-09,Eagers Kia Kedron,803 Eagers Misubishi&Kia,Sales,94324048,2013-02-27,13,20110402
20110401,B100809/016,Active,Intel DH67,PC,2011-08-09,Eagers Holden Windsor,836 Eagers Holden,Parts,94324047,2013-02-27,13,20110401
20110400,B100809/015,Active,Intel DH67,PC,2011-08-09,Southside Toyota Mt Gravatt,801 Southside Toyota,Parts,94324046,2013-02-27,13,20110400
20110399,B100809/014,Active,Intel DH67,PC,2011-08-09,BMA Pinkenba,810 Brisbane Motor Auction,Sales,94324045,2013-02-15,13,20110399
20110398,B100809/013,Active,Intel DH67,PC,2011-08-09,Torque Ford North Lakes,820 Torque Ford,Parts,94324044,2013-02-27,13,20110398
20110397,B100809/012,Active,Intel DH67,PC,2011-08-09,Torque Toyota North Lakes,809 Torque Toyota,Parts,94324043,2013-02-27,13,20110397
20110396,B100809/011,Active,Intel DH67,PC,2011-08-09,Southside Toyota Woolloongabba,801 Southside Toyota,Parts,94324042,2013-02-27,13,20110396
20110395,B100809/010,Active,Intel DH67,PC,2011-08-09,Eagers Holden Newstead,836 Eagers Holden,Parts,94324041,2013-02-27,13,20110395
20110394,B100809/009,Active,Intel DH67,PC,2011-08-09,Metro Ford Fortitude Valley,808 Metro,Admin,94324040,2013-02-27,13,20110394
20110393,B100809/008,Active,Intel DH67,PC,2011-08-09,Caloundra City Holden,837 Caloundra City Autos,Showroom,94324039,2013-02-27,13,20110393
20110392,B100809/007,Active,Intel DH67,PC,2011-08-09,Torque Subaru Brendale,804 CAG Subaru,Parts,94324038,2013-02-22,13,20110392
20110391,B100809/006,Active,Intel DH67,PC,2011-08-09,Eagers Holden Newstead,836 Eagers Holden,Service,94324037,2013-02-27,13,20110391
20110389,B100809/004,Active,Intel DH67,PC,2011-08-09,Eagers Mazda Newstead,833 Eagers Mazda,Showroom,94324036,2013-02-27,13,20110389
20110388,B100809/003,Active,Intel DH67,PC,2011-08-09,Austral Honda Newstead,807 Austral Honda-VW,Service,94324035,2013-02-27,13,20110388
20110387,B100809/002,Active,Intel DH67,PC,2011-08-09,Austral VW Newstead,807 Austral Honda-VW,Stock Control,94324034,2013-02-27,13,20110387
20110385,B100818/002,Active,Intel DH67,PC,2011-08-01,HVF Berrimah,815 AP Motor Group,Admin,94324033,2013-02-27,13,20110385
20110384,B100818/001,Active,Intel DH67,PC,2011-08-01,Bridge Toyota Palmerston,814 Bridge Toyota Darwin,Showroom,94324032,2013-02-26,13,20110384
20110380,6B109900H,Active,PT525A-003019,Notebook,2011-07-29,AUS Curraminidi,827 Austral S-coast,Sales,94324031,2013-02-25,13,20110380
20110379,6B113147H,Active,PT525A-003019,Notebook,2011-07-29,Torque Toyota North Lakes,809 Torque Toyota,Sales,94324030,2013-02-27,13,20110379
20110378,6B109933H,Active,PT525A-003019,Notebook,2011-07-29,Torque Ford North Lakes,820 Torque Ford,Sales,94324029,2013-02-27,13,20110378
20110377,6B113133H,Active,PT525A-003019,Notebook,2011-07-29,HVF Berrimah,815 AP Motor Group,Sales,94324028,2013-01-29,13,20110377
20110376,6B113134H,Active,PT525A-003019,Notebook,2011-07-29,Bridge Toyota Darwin,814 Bridge Toyota Darwin,Sales,94324027,2013-02-18,13,20110376
20110370,6B109904H,Active,PT525A-003019,Notebook,2011-07-29,Southside Toyota Mt Gravatt,801 Southside Toyota,Sales,94324026,2013-02-27,13,20110370
20110369,6B113130H,Active,PT525A-003019,Notebook,2011-07-29,Southside Toyota Mt Gravatt,801 Southside Toyota,Sales,94324025,2013-02-27,13,20110369
20110367,6B113126H,Active,PT525A-003019,Notebook,2011-07-29,Corporate Office Fortitude Valley,APGP258B Corporate,Admin,94324024,2013-02-27,13,20110367
20110366,6B113148H,Active,PT525A-003019,Notebook,2011-07-29,Southside Toyota Woolloongabba,801 Southside Toyota,Admin,94324023,2013-02-27,13,20110366
20110365,6B109894H,Active,PT525A-003019,Notebook,2011-07-29,IT Pinkenba,IT,IT,94324022,2013-02-26,13,20110365
20110364,6B109891H,Active,PT525A-003019,Notebook,2011-07-29,Torque Toyota North Lakes,809 Torque Toyota,Sales,94324021,2013-02-27,13,20110364
20110363,6B109905H,Active,PT525A-003019,Notebook,2011-07-29,Torque Toyota North Lakes,809 Torque Toyota,Sales,94324020,2013-02-27,13,20110363
20110346,B100373/018,Active,Intel DH55,PC,2011-06-28,BMA Pinkenba,810 Brisbane Motor Auction,Sales,94324019,2013-01-23,13,20110346
20110345,B100373/017,Active,Intel DH55,PC,2011-06-28,Subaru City Newstead,804 CAG Subaru,Parts,94324018,2013-02-27,13,20110345
20110344,B100373/016,Active,Intel DH55,PC,2011-06-28,Austral PAG Fortitude Valley,806 Austral PAG,Pre Delivery,94324017,2013-02-27,13,20110344
20110343,B100373/015,Active,Intel DH55,PC,2011-06-28,Eagers Holden Townsville,836 Eagers Holden,Parts,94324016,2013-02-27,13,20110343
20110342,B100373/014,Active,Intel DH55,PC,2011-06-28,Eagers Holden Townsville,836 Eagers Holden,Parts,94324015,2013-02-27,13,20110342
20110341,B100373/013,Active,Intel DH55,PC,2011-06-28,Austral PAG Fortitude Valley,806 Austral PAG,Customer Relations,94324014,2013-02-27,13,20110341
20110340,B100373/012,Active,Intel DH55,PC,2011-06-28,Austral PAG Fortitude Valley,806 Austral PAG,Service,94324013,2013-02-26,13,20110340
20110339,B100373/011,Active,Intel DH55,PC,2011-06-28,Metro Parts Eagle Farm,808 Metro,Showroom,94324012,2013-02-27,13,20110339
20110338,B100373/010,Active,Intel DH55,PC,2011-06-28,Austral PAG Fortitude Valley,806 Austral PAG,Showroom,94324011,2013-02-27,13,20110338
20110337,B100373/009,Active,Intel DH55,PC,2011-06-28,Eagers Holden Townsville,836 Eagers Holden,Parts,94324010,2013-02-27,13,20110337
20110335,B100373/007,Active,Intel DH55,PC,2011-06-28,Eagers Holden Newstead,836 Eagers Holden,Parts,94324009,2013-02-27,13,20110335
20110333,B100373/005,Active,Intel DH55,PC,2011-06-28,Southside Honda Buranda,802 Southside Honda,Sales,94324008,2013-02-27,13,20110333
20110332,B100373/004,Active,Intel DH55,PC,2011-06-28,Southside Honda Buranda,802 Southside Honda,Admin,94324007,2013-02-27,13,20110332
20110331,B100373/003,Active,Intel DH55,PC,2011-06-28,Torque Toyota Brendale,809 Torque Toyota,Parts,94324006,2013-02-27,13,20110331
20110330,B100373/002,Active,Intel DH55,PC,2011-06-28,Torque Subaru Brendale,804 CAG Subaru,Service,94324005,2013-02-27,13,20110330
20110329,B100373/001,Active,Intel DH55,PC,2011-06-28,Southside Honda Buranda,802 Southside Honda,Sales,94324004,2013-02-27,13,20110329
20110328,5B133806H,Active,PT525A-003019,Notebook,2011-06-30,Southside Honda Buranda,802 Southside Honda,Admin,94324003,2013-02-27,13,20110328
20110327,5B090674H,Active,PT525A-003019,Notebook,2011-06-30,Subaru City Newstead,804 CAG Subaru,Showroom,94324002,2013-02-25,13,20110327
20110326,5B090749H,Active,PT525A-003019,Notebook,2011-06-30,Torque Toyota North Lakes,809 Torque Toyota,Sales,94324001,2013-02-27,13,20110326
20110325,5B090643H,Active,PT525A-003019,Notebook,2011-06-30,Carzoos BDC Wgabba,APZP258B CarZoos,Showroom,94324000,2013-02-27,13,20110325
20110324,5B090648H,Active,PT525A-003019,Notebook,2011-06-30,Southside Honda Buranda,802 Southside Honda,Sales,94323999,2013-02-27,13,20110324
20110323,5B087792H,Active,PT525A-003019,Notebook,2011-06-29,Southside Toyota Mt Gravatt,801 Southside Toyota,Sales,94323998,2013-02-27,13,20110323
20110322,5B090670H,Active,PT525A-003019,Notebook,2011-06-29,Torque Honda North Lakes,821 Torque Honda,Sales,94323997,2013-02-27,13,20110322
20110321,5B090669H,Active,PT525A-003019,Notebook,2011-06-29,Torque Honda North Lakes,821 Torque Honda,Service,94323996,2013-02-27,13,20110321
20110320,5B087796H,Active,PT525A-003019,Notebook,2011-06-29,Torque Ford Strathpine,820 Torque Ford,Sales,94323995,2013-01-29,13,20110320
20110319,5B090642H,Active,PT525A-003019,Notebook,2011-06-29,Southside Toyota Woolloongabba,801 Southside Toyota,Showroom,94323994,2013-02-27,13,20110319
20110318,5B090643H,Active,PT525A-003019,Notebook,2011-06-29,Southside Toyota Mt Gravatt,801 Southside Toyota,Showroom,94323993,2013-02-27,13,20110318
20110317,5B090675H,Active,PT525A-003019,Notebook,2011-06-29,Southside Toyota Woolloongabba,801 Southside Toyota,Showroom,94323992,2013-02-19,13,20110317
20110312,B100428/001,Active,Intel DH67,PC,2011-06-21,Bridge Toyota Darwin,814 Bridge Toyota Darwin,Sales,94323991,2013-02-27,13,20110312
20110287,B100193/018,Active,Intel DH55,PC,2011-06-09,Caloundra City Honda,837 Caloundra City Autos,Sales,94323990,2013-02-26,13,20110287
20110286,B100193/017,Active,Intel DH55,PC,2011-06-09,Torque Toyota Pre-delivery,809 Torque Toyota,Pre Delivery,94323989,2013-02-27,13,20110286
20110284,B100193/015,Active,Intel DH55,PC,2011-06-09,Eagers Holden Newstead,836 Eagers Holden,Parts,94323988,2013-02-27,13,20110284
20110283,B100193/014,Active,Intel DH55,PC,2011-06-09,Metro Parts Eagle Farm,808 Metro,Parts,94323987,2013-02-27,13,20110283
20110281,B100193/012,Active,Intel DH55,PC,2011-06-09,Austral PAG Fortitude Valley,806 Austral PAG,Parts,94323986,2013-02-01,13,20110281
20110280,B100193/011,Active,Intel DH55,PC,2011-06-09,Eagers Holden Newstead,836 Eagers Holden,Parts,94323985,2013-02-26,13,20110280
20110279,B100193/010,Active,Intel DH55,PC,2011-06-09,Southside Honda Buranda,802 Southside Honda,Showroom,94323984,2013-02-25,13,20110279
20110277,3B154745H,Active,PT525A-003019,Notebook,2011-06-03,Eagers Holden Windsor,836 Eagers Holden,Sales,94323983,2013-02-27,13,20110277
20110276,3B154786H,Active,PT525A-003019,Notebook,2011-06-03,Austral VW Newstead,807 Austral Honda-VW,Showroom,94323982,2013-02-23,13,20110276
20110272,3B154743H,Active,PT525A-003019,Notebook,2011-06-03,Southside Toyota Woolloongabba,801 Southside Toyota,Showroom,94323981,2013-02-27,13,20110272
20110271,3B154740H,Active,PT525A-003019,Notebook,2011-06-03,Austral VW Newstead,807 Austral Honda-VW,Sales,94323980,2013-02-27,13,20110271
20110270,B100193/009,Active,Intel DH55,PC,2011-06-09,Torque Ford Strathpine,820 Torque Ford,Sales,94323979,2013-02-27,13,20110270
20110269,B100193/008,Active,Intel DH55,PC,2011-06-09,Southside Toyota Woolloongabba,801 Southside Toyota,Sales,94323978,2013-02-19,13,20110269
20110268,B100193/007,Active,Intel DH55,PC,2011-06-09,Metro Ford Eagle Farm,808 Metro,Parts,94323977,2013-02-27,13,20110268
20110267,B100193/006,Active,Intel DH55,PC,2011-06-09,Southside Honda Buranda,802 Southside Honda,Sales,94323976,2013-02-23,13,20110267
20110266,B100193/005,Active,Intel DH55,PC,2011-06-09,Corporate Office Fortitude Valley,APGP258B Corporate,Admin,94323975,2013-02-27,13,20110266
20110265,B100193/004,Active,Intel DH55,PC,2011-06-09,Porsche Centre Brisbane Newstead,805 Austral Porsche,Service,94323974,2013-02-26,13,20110265
20110264,B100193/003,Active,Intel DH55,PC,2011-06-09,Southside Toyota Woolloongabba,801 Southside Toyota,Showroom,94323973,2013-02-25,13,20110264
20110263,B100193/002,Active,Intel DH55,PC,2011-06-09,Southside Toyota Woolloongabba,801 Southside Toyota,Stock Control,94323972,2013-02-27,13,20110263
20110262,B100193/001,Active,Intel DH55,PC,2011-06-09,Subaru City Newstead,804 CAG Subaru,Showroom,94323971,2013-02-27,13,20110262
20110261,B100147/002,Active,Intel DH55,PC,2011-05-20,Bridge Toyota Palmerston,814 Bridge Toyota Darwin,Service,94323970,2013-02-27,13,20110261
20110260,B100147/001,Active,Intel DH55,PC,2011-05-20,Bridge Toyota Palmerston,814 Bridge Toyota Darwin,Service,94323969,2013-02-27,13,20110260
20110253,B099962/018,Active,Intel DH55,PC,2011-05-17,Caloundra City Holden,837 Caloundra City Autos,Showroom,94323968,2013-02-22,13,20110253
20110252,B099962/017,Active,Intel DH55,PC,2011-05-17,Torque Ford North Lakes,820 Torque Ford,Warranty,94323967,2013-02-26,13,20110252
20110251,B099962/016,Active,Intel DH55,PC,2011-05-17,Southside Honda Buranda,802 Southside Honda,Showroom,94323966,2013-02-27,13,20110251
20110250,B099962/015,Active,Intel DH55,PC,2011-05-17,Metro Parts Eagle Farm,808 Metro,Refinish,94323965,2013-02-27,13,20110250
20110249,B099962/014,Active,Intel DH55,PC,2011-05-17,Austral Honda Newstead,807 Austral Honda-VW,Stock Control,94323964,2013-02-25,13,20110249
20110248,B099962/013,Active,Intel DH55,PC,2011-05-17,Predelivery Pinkenba,808 Metro,Service,94323963,2013-02-27,13,20110248
20110247,B099962/012,Active,Intel DH55,PC,2011-05-17,AUS Curraminidi,827 Austral S-coast,Sales,94323962,2013-02-27,13,20110247
20110246,B099962/011,Active,Intel DH55,PC,2011-05-17,Torque Toyota Pre-delivery,809 Torque Toyota,Pre Delivery,94323961,2013-02-27,13,20110246
20110245,B099962/010,Active,Intel DH55,PC,2011-05-17,Panel Shop Brendale,809 Torque Toyota,Panel Shop,94323960,2013-02-27,13,20110245
20110244,B099962/009,Active,Intel DH55,PC,2011-05-17,Eagers Holden Windsor,836 Eagers Holden,Showroom,94323959,2013-02-27,13,20110244
20110243,B099962/008,Active,Intel DH55,PC,2011-05-17,Torque Subaru Brendale,804 CAG Subaru,Admin,94323958,2013-02-27,13,20110243
20110242,B099962/007,Active,Intel DH55,PC,2011-05-17,Southside Toyota Woolloongabba,801 Southside Toyota,Parts,94323957,2013-02-25,13,20110242
20110241,B099962/006,Active,Intel DH55,PC,2011-05-17,Eagers Holden Windsor,836 Eagers Holden,Showroom,94323956,2013-02-27,13,20110241
20110240,B099962/005,Active,Intel DH55,PC,2011-05-17,Southside Toyota Woolloongabba,801 Southside Toyota,Showroom,94323955,2013-02-27,13,20110240
20110239,B099962/004,Active,Intel DH55,PC,2011-05-17,Eagers Holden Newstead,836 Eagers Holden,Parts,94323954,2013-02-27,13,20110239
20110238,B099962/003,Active,Intel DH55,PC,2011-05-17,Eagers Holden Windsor,836 Eagers Holden,Sales,94323953,2013-02-27,13,20110238
20110237,B099962/002,Active,Intel DH55,PC,2011-05-17,Corporate QLD/NT Division,APFP258B QLD-NT Division,PTC,94323952,2013-02-20,13,20110237
20110235,3B154734H,Active,PT525A-003019,Notebook,2011-03-06,Torque Ford Strathpine,820 Torque Ford,Service,94323951,2013-02-27,13,20110235
20110234,3B154782H,Active,PT525A-003019,Notebook,2011-03-06,Caloundra City Holden,837 Caloundra City Autos,Admin,94323950,2013-02-27,13,20110234
20110233,3B154741H,Active,PT525A-003019,Notebook,2011-03-06,Southside Toyota Woolloongabba,801 Southside Toyota,Showroom,94323949,2013-02-27,13,20110233
20110231,3B154730H,Active,PT525A-003019,Notebook,2011-03-06,Torque Ford North Lakes,820 Torque Ford,Admin,94323948,2013-02-27,13,20110231
20110230,3B154770H,Active,PT525A-003019,Notebook,2011-03-06,Infiniti Centre Brisbane,APGB863 Infiniti,Admin,94323947,2013-01-17,13,20110230
20110229,3B154768H,Active,PT525A-003019,Notebook,2011-03-06,Subaru City Newstead,804 CAG Subaru,Showroom,94323946,2013-02-27,13,20110229
20110228,3B154759H,Active,PT525A-003019,Notebook,2011-03-06,Southside Toyota Woolloongabba,801 Southside Toyota,Showroom,94323945,2013-02-27,13,20110228
20110219,B099963/002,Active,Intel DH55,PC,2011-05-04,Bridge Toyota Palmerston,814 Bridge Toyota Darwin,Parts,94323944,2013-02-25,13,20110219
20110217,B099648/018,Active,Intel DH55,PC,2011-05-03,Austral VW Newstead,807 Austral Honda-VW,Showroom,94323943,2013-02-19,13,20110217
20110216,B099648/017,Active,Intel DH55,PC,2011-05-03,Austral VW Newstead,807 Austral Honda-VW,Service,94323942,2013-02-27,13,20110216
20110215,B099648/016,Active,Intel DH55,PC,2011-05-03,Subaru City Newstead,804 CAG Subaru,Service,94323941,2013-02-27,13,20110215
20110214,B099648/015,Active,Intel DH55,PC,2011-05-03,Austral VW Newstead,807 Austral Honda-VW,Panel Shop,94323940,2013-02-27,13,20110214
20110213,B099648/014,Active,Intel DH55,PC,2011-05-03,Eagers Holden Windsor,836 Eagers Holden,Showroom,94323939,2013-02-27,13,20110213
20110212,B099648/013,Active,Intel DH55,PC,2011-05-03,Austral VW Newstead,807 Austral Honda-VW,Service,94323938,2013-02-27,13,20110212
20110211,B099648/012,Active,Intel DH55,PC,2011-05-03,Caloundra City Holden,837 Caloundra City Autos,Sales,94323937,2013-02-22,13,20110211
20110210,B099648/011,Active,Intel DH55,PC,2011-05-03,Torque Ford North Lakes,820 Torque Ford,Service,94323936,2013-02-27,13,20110210
20110209,B099648/010,Active,Intel DH55,PC,2011-05-03,Austral PAG Fortitude Valley,806 Austral PAG,Service,94323935,2013-02-25,13,20110209
20110208,B099648/009,Active,Intel DH55,PC,2011-05-03,Corporate Office Fortitude Valley,APGP258B Corporate,Admin,94323934,2013-02-07,13,20110208
20110207,B099648/008,Active,Intel DH55,PC,2011-05-03,Southside Toyota Mt Gravatt,801 Southside Toyota,Service,94323933,2013-02-27,13,20110207
20110206,B099648/007,Active,Intel DH55,PC,2011-05-03,Southside Toyota Woolloongabba,801 Southside Toyota,Service,94323932,2013-02-27,13,20110206
20110205,B099648/006,Active,Intel DH55,PC,2011-05-03,Eagers Mitsubishi Newstead,803 Eagers Misubishi&Kia,Showroom,94323931,2013-02-27,13,20110205
20110203,B099648/004,Active,Intel DH55,PC,2011-05-03,Eagers Holden Newstead,836 Eagers Holden,Parts,94323930,2013-02-27,13,20110203
20110202,B099648/003,Active,Intel DH55,PC,2011-05-03,Eagers Holden Windsor,836 Eagers Holden,Showroom,94323929,2013-02-19,13,20110202
20110201,B099648/002,Active,Intel DH55,PC,2011-05-03,AUS Curraminidi,827 Austral S-coast,Admin,94323928,2013-02-27,13,20110201
20110200,B099648/001,Active,Intel DH55,PC,2011-05-03,Caloundra City Honda,837 Caloundra City Autos,Sales,94323927,2013-02-26,13,20110200
20110199,6A063044H,Active,PTSE1A-00K005,Notebook,2011-04-19,Eagers Mazda Newstead,833 Eagers Mazda,Sales,94323926,2013-02-27,13,20110199
20110198,6A063036H,Active,PTSE1A-00K005,Notebook,2011-04-19,Porsche Centre Brisbane Newstead,805 Austral Porsche,Showroom,94323925,2013-02-27,13,20110198
20110197,6A063069H,Active,PTSE1A-00K005,Notebook,2011-04-19,Eagers Mazda Newstead,833 Eagers Mazda,Sales,94323924,2013-02-26,13,20110197
20110196,6A063050H,Active,PTSE1A-00K005,Notebook,2011-04-19,Torque Honda North Lakes,821 Torque Honda,Showroom,94323923,2013-02-27,13,20110196
20110184,B099620/005,Active,Intel DH55,PC,2011-03-30,Corporate Office Fortitude Valley,APGP258B Corporate,Admin,94323922,2013-02-25,13,20110184
20110183,B099620/004,Active,Intel DH55,PC,2011-03-30,Austral PAG Fortitude Valley,806 Austral PAG,Sales,94323921,2013-02-26,13,20110183
20110182,B099620/003,Active,Intel DH55,PC,2011-03-30,Southside Toyota Woolloongabba,801 Southside Toyota,Parts,94323920,2013-02-27,13,20110182
20110181,B099620/002,Active,Intel DH55,PC,2011-03-30,Metro Parts Eagle Farm,808 Metro,Parts,94323919,2013-02-26,13,20110181
20110177,B099617/002,Active,Intel DH55,PC,2011-03-29,HVF Berrimah,815 AP Motor Group,Admin,94323918,2013-02-27,13,20110177
20110176,B099617/001,Active,Intel DH55,PC,2011-03-29,HVF Berrimah,815 AP Motor Group,Showroom,94323917,2013-02-27,13,20110176
20110165,6A063053H,Active,PTSE1A-00K005,Notebook,2011-03-24,Metro Ford Fortitude Valley,808 Metro,Showroom,94323916,2013-02-27,13,20110165
20110164,6A063064H,Active,PTSE1A-00K005,Notebook,2011-03-24,Eagers Holden Windsor,836 Eagers Holden,Sales,94323915,2013-02-27,13,20110164
20110163,6A063059H,Active,PTSE1A-00K005,Notebook,2011-03-24,Porsche Centre Brisbane Newstead,805 Austral Porsche,Showroom,94323914,2013-02-27,13,20110163
20110161,6A063037H,Active,PTSE1A-00K005,Notebook,2011-03-24,Southside Toyota Woolloongabba,801 Southside Toyota,Showroom,94323912,2013-02-27,13,20110161
20110160,6A063072H,Active,PTSE1A-00K005,Notebook,2011-03-24,Torque Toyota Brendale,809 Torque Toyota,Sales,94323911,2013-02-27,13,20110160
20110136,B099307/018,Active,Intel DH55,PC,2011-03-08,Austral Honda Newstead,807 Austral Honda-VW,Service,94323910,2013-02-27,13,20110136
20110134,B099307/016,Active,Intel DH55,PC,2011-03-08,Austral Honda Newstead,807 Austral Honda-VW,Service,94323909,2013-02-27,13,20110134
20110133,B099307/015,Active,Intel DH55,PC,2011-03-08,Metro Ford Fortitude Valley,808 Metro,Admin,94323908,2013-02-27,13,20110133
20110132,B099307/014,Active,Intel DH55,PC,2011-03-08,Southside Toyota Woolloongabba,801 Southside Toyota,Panel Shop,94323907,2013-02-27,13,20110132
20110131,B099307/013,Active,Intel DH55,PC,2011-03-08,Austral Honda Newstead,807 Austral Honda-VW,Showroom,94323906,2013-02-27,13,20110131
20110130,B099307/012,Active,Intel DH55,PC,2011-03-08,Austral PAG Fortitude Valley,806 Austral PAG,Showroom,94323905,2013-02-18,13,20110130
20110129,B099307/011,Active,Intel DH55,PC,2011-03-08,Torque Toyota North Lakes,809 Torque Toyota,Parts,94323904,2013-02-27,13,20110129
20110128,B099307/010,Active,Intel DH55,PC,2011-03-08,Torque Toyota North Lakes,809 Torque Toyota,Parts,94323903,2013-02-27,13,20110128
20110127,B099307/009,Active,Intel DH55,PC,2011-03-08,Torque Toyota North Lakes,809 Torque Toyota,Customer Relations,94323902,2013-02-26,13,20110127
20110126,B099307/008,Active,Intel DH55,PC,2011-03-08,Torque Toyota Pre-delivery,809 Torque Toyota,Parts,94323901,2013-02-27,13,20110126
20110125,B099307/007,Active,Intel DH55,PC,2011-03-08,Torque Subaru Brendale,804 CAG Subaru,Service,94323900,2013-02-27,13,20110125
20110124,B099307/006,Active,Intel DH55,PC,2011-03-08,Austral PAG Fortitude Valley,806 Austral PAG,Showroom,94323899,2013-02-25,13,20110124
20110123,B099307/005,Active,Intel DH55,PC,2011-03-08,Austral Honda Newstead,807 Austral Honda-VW,Showroom,94323898,2013-02-27,13,20110123
20110122,B099307/004,Active,Intel DH55,PC,2011-03-08,Austral Honda Newstead,807 Austral Honda-VW,Showroom,94323897,2013-02-27,13,20110122
20110120,B099307/002,Active,Intel DH55,PC,2011-03-08,Austral Honda Newstead,807 Austral Honda-VW,Sales,94323896,2013-02-22,13,20110120
20110119,B099307/001,Active,Intel DH55,PC,2011-03-08,Austral Honda Newstead,807 Austral Honda-VW,Sales,94323895,2013-02-27,13,20110119
20110116,6A062515H,Active,PTSE1A-00K005,Notebook,2011-02-25,Eagers Mazda Newstead,833 Eagers Mazda,Sales,94323894,2013-02-27,13,20110116
20110115,6A063046H,Active,PTSE1A-00K005,Notebook,2011-02-25,Austral Motors Newstead,807 Austral Honda-VW,Admin,94323893,2013-02-27,13,20110115
20110113,6A062503H,Active,PTSE1A-00K005,Notebook,2011-02-25,Torque Ford North Lakes,820 Torque Ford,Service,94323892,2013-02-18,13,20110113
20110112,6A063035H,Active,PTSE1A-00K005,Notebook,2011-02-25,Subaru Toowong,804 CAG Subaru,Showroom,94323891,2013-01-25,13,20110112
20110099,B099339/002,Active,Intel DH55,PC,2011-03-08,HVF Berrimah,815 AP Motor Group,Service,94323890,2013-02-26,13,20110099
20110098,B099339/001,Active,Intel DH55,PC,2011-03-08,Bridge Toyota Palmerston,814 Bridge Toyota Darwin,Service,94323889,2013-02-27,13,20110098
20110089,B099338/002,Active,Intel DH55,PC,2011-02-24,Metro Toowoomba Toowoomba,808 Metro,Parts,94323888,2013-02-27,13,20110089
20110088,B099338/001,Active,Intel DH55,PC,2011-02-24,PAG Fortitude Valley,806 Austral PAG,Showroom,94323887,2013-02-19,13,20110088
20110080,7A064983H,Active,PTSE1A-00K005,Notebook,2011-02-24,Austral VW Newstead,807 Austral Honda-VW,Showroom,94323886,2013-02-27,13,20110080
20110078,6A062510H,Active,PTSE1A-00K005,Notebook,2011-02-24,Southside Toyota Woolloongabba,801 Southside Toyota,Parts,94323885,2013-02-26,13,20110078
20110077,6A062500H,Active,PTSE1A-00K005,Notebook,2011-02-24,Subaru City Newstead,804 CAG Subaru,Showroom,94323884,2013-02-27,13,20110077
20110076,7A064993H,Active,PTSE1A-00K005,Notebook,2011-02-24,IT Pinkenba,IT,IT,94323883,2013-02-27,13,20110076
20110075,7A065139H,Active,PTSE1A-00K005,Notebook,2011-02-24,IT Pinkenba,IT,IT,94323882,2013-02-26,13,20110075
20110074,7A064990H,Active,PTSE1A-00K005,Notebook,2011-02-24,Eagers Holden Windsor,836 Eagers Holden,Sales,94323881,2013-02-15,13,20110074
20110073,7A065131H,Active,PTSE1A-00K005,Notebook,2011-02-24,IT Pinkenba,IT,IT,94323880,2013-02-27,13,20110073
20110071,B099091/018,Active,Intel DH55,PC,2011-02-03,Austral Honda Newstead,807 Austral Honda-VW,Sales,94323879,2013-02-27,13,20110071
20110069,B099091/016,Active,Intel DH55,PC,2011-02-03,Torque Ford North Lakes,820 Torque Ford,Sales,94323878,2013-02-27,13,20110069
20110068,B099091/015,Active,Intel DH55,PC,2011-02-03,BMA Pinkenba,810 Brisbane Motor Auction,Showroom,94323877,2013-02-19,13,20110068
20110067,B099091/014,Active,Intel DH55,PC,2011-02-03,BMA Pinkenba,810 Brisbane Motor Auction,Sales,94323876,2013-02-25,13,20110067
20110066,B099091/013,Active,Intel DH55,PC,2011-02-03,Southside Toyota Woolloongabba,801 Southside Toyota,Service,94323875,2013-02-27,13,20110066
20110065,B099091/012,Active,Intel DH55,PC,2011-02-03,Torque Honda North Lakes,821 Torque Honda,Customer Relations,94323874,2013-02-27,13,20110065
20110064,B099091/011,Active,Intel DH55,PC,2011-02-03,Torque Honda North Lakes,821 Torque Honda,Parts,94323873,2013-02-27,13,20110064
20110063,B099091/010,Active,Intel DH55,PC,2011-02-03,Torque Toyota Brendale,809 Torque Toyota,Service,94323872,2013-02-27,13,20110063
20110062,B099091/009,Active,Intel DH55,PC,2011-02-03,Metro Ford Fortitude Valley,808 Metro,Admin,94323871,2013-02-27,13,20110062
20110061,B099091/008,Active,Intel DH55,PC,2011-02-03,Austral VW Newstead,807 Austral Honda-VW,Sales,94323870,2013-02-20,13,20110061
20110060,B099091/007,Active,Intel DH55,PC,2011-02-03,Metro Ford Fortitude Valley,808 Metro,Admin,94323869,2013-02-27,13,20110060
20110059,B099091/006,Active,Intel DH55,PC,2011-02-03,Southside Toyota Woolloongabba,801 Southside Toyota,Service,94323868,2013-02-27,13,20110059
20110057,B099091/004,Active,Intel DH55,PC,2011-02-03,Metro Ford Fortitude Valley,808 Metro,Parts,94323867,2013-02-27,13,20110057
20110056,B099091/003,Active,Intel DH55,PC,2011-02-03,Eagers Mitsubishi Newstead,803 Eagers Misubishi&Kia,Showroom,94323866,2013-02-27,13,20110056
20110055,B099091/002,Active,Intel DH55,PC,2011-02-03,Corporate Payroll,APPP258B Payroll,Admin,94323865,2013-02-27,13,20110055
20110039,B098957/009,Active,Intel DH55,PC,2011-02-02,Torque Ford Strathpine,820 Torque Ford,Showroom,94323864,2013-02-18,13,20110039
20110038,B098957/008,Active,Intel DH55,PC,2011-02-02,Southside Toyota Woolloongabba,801 Southside Toyota,Service,94323863,2013-02-27,13,20110038
20110037,B098957/007,Active,Intel DH55,PC,2011-02-02,Metro Ford Fortitude Valley,808 Metro,Showroom,94323862,2013-02-22,13,20110037
20110036,B098957/006,Active,Intel DH55,PC,2011-02-02,Eagers Holden Newstead,836 Eagers Holden,Parts,94323861,2013-02-26,13,20110036
20110035,B098957/005,Active,Intel DH55,PC,2011-02-02,Torque Honda North Lakes,821 Torque Honda,Showroom,94323860,2013-02-27,13,20110035
20110034,B098957/004,Active,Intel DH55,PC,2011-02-02,Caloundra City Honda,837 Caloundra City Autos,Parts,94323859,2013-02-27,13,20110034
20110033,B098957/003,Active,Intel DH55,PC,2011-02-02,Torque Ford Strathpine,820 Torque Ford,Parts,94323858,2013-02-27,13,20110033
20110032,B098957/002,Active,Intel DH55,PC,2011-02-02,Torque Ford Admin,820 Torque Ford,Admin,94323857,2013-02-27,13,20110032
20110031,B098957/001,Active,Intel DH55,PC,2011-02-02,Torque Toyota North Lakes,809 Torque Toyota,Admin,94323856,2013-02-26,13,20110031
20110030,B099091/001,Active,Intel DH55,PC,2011-02-03,Southside Toyota Mt Gravatt,801 Southside Toyota,Showroom,94323855,2013-02-27,13,20110030
20110029,7A065125H,Active,PTSE1A-00K005,Notebook,2011-01-25,Torque Honda North Lakes,821 Torque Honda,Service,94323854,2013-02-27,13,20110029
20110028,7A064991H,Active,PTSE1A-00K005,Notebook,2011-01-25,Torque Ford North Lakes,820 Torque Ford,Service,94323853,2013-02-25,13,20110028
20110027,7A065130H,Active,PTSE1A-00K005,Notebook,2011-01-25,Torque Honda North Lakes,821 Torque Honda,Service,94323852,2013-02-27,13,20110027
20110025,7A063137H,Active,PTSE1A-00K005,Notebook,2011-01-25,Southside Toyota Mt Gravatt,801 Southside Toyota,Showroom,94323851,2013-02-27,13,20110025
20110024,7A063130H,Active,PTSE1A-00K005,Notebook,2011-01-25,Southside Toyota Mt Gravatt,801 Southside Toyota,Showroom,94323850,2013-02-27,13,20110024
20110023,B098851/010,Active,Intel DH55,PC,2011-01-06,Austral VW Newstead,807 Austral Honda-VW,Showroom,94323849,2013-02-26,13,20110023
20110022,B098851/009,Active,Intel DH55,PC,2011-01-06,Subaru City Newstead,804 CAG Subaru,Service,94323848,2013-02-27,13,20110022
20110021,B098851/008,Active,Intel DH55,PC,2011-01-06,Southside Toyota Woolloongabba,801 Southside Toyota,Service,94323847,2013-02-27,13,20110021
20110020,B098851/007,Active,Intel DH55,PC,2011-01-06,IT Pinkenba,IT,IT,94323846,2013-02-27,13,20110020
20110019,B098851/006,Active,Intel DH55,PC,2011-01-06,Torque Ford Strathpine,820 Torque Ford,Sales,94323845,2013-02-25,13,20110019
20110018,B098851/005,Active,Intel DH55,PC,2011-01-06,Austral VW Newstead,807 Austral Honda-VW,Service,94323844,2013-02-26,13,20110018
20110017,B098851/004,Active,Intel DH55,PC,2011-01-06,Austral PAG Fortitude Valley,806 Austral PAG,Showroom,94323843,2013-02-27,13,20110017
20110016,B098851/003,Active,Intel DH55,PC,2011-01-06,Torque Ford North Lakes,820 Torque Ford,Pre Delivery,94323842,2013-02-27,13,20110016
20110014,B098851/001,Active,Intel DH55,PC,2011-01-06,Torque Ford Strathpine,820 Torque Ford,Sales,94323840,2013-02-27,13,20110014
20110013,B098844/010,Active,Intel DH55,PC,2011-01-05,Corporate Payroll,APPP258B Payroll,Admin,94323839,2013-02-26,13,20110013
20110012,B098844/009,Active,Intel DH55,PC,2011-01-05,Torque Ford North Lakes,820 Torque Ford,Showroom,94323838,2013-01-30,13,20110012
20110011,B098844/008,Active,Intel DH55,PC,2011-01-05,Eagers Kia Kedron,803 Eagers Misubishi&Kia,Admin,94323837,2013-02-27,13,20110011
20110010,B098844/007,Active,Intel DH55,PC,2011-01-05,Southside Toyota Woolloongabba,801 Southside Toyota,Showroom,94323836,2013-02-27,13,20110010
20110009,B098844/006,Active,Intel DH55,PC,2011-01-05,HVF Berrimah,815 AP Motor Group,Showroom,94323835,2013-02-26,13,20110009
20110008,B098844/005,Active,Intel DH55,PC,2011-01-05,Bridge Toyota Palmerston,814 Bridge Toyota Darwin,Service,94323834,2013-02-27,13,20110008
20110007,B098844/004,Active,Intel DH55,PC,2011-01-05,Torque Toyota Brendale,809 Torque Toyota,Service,94323833,2013-02-27,13,20110007
20110006,B098844/003,Active,Intel DH55,PC,2011-01-05,Torque Toyota North Lakes,809 Torque Toyota,Service,94323832,2013-02-27,13,20110006
20110005,B098844/002,Active,Intel DH55,PC,2011-01-05,Austral Honda Newstead,807 Austral Honda-VW,Showroom,94323831,2013-02-27,13,20110005
20110004,B098844/001,Active,Intel DH55,PC,2011-01-05,PAG Fortitude Valley,806 Austral PAG,Admin,94323830,2013-02-25,13,20110004
20100319,7A063715H,Active,PTSE1A-00K005,Notebook,2010-12-20,Eagers Holden Windsor,836 Eagers Holden,Showroom,94323829,2013-02-27,13,20100319
20100317,7A063136H,Active,PTSE1A-00K005,Notebook,2010-12-20,Southside Toyota Mt Gravatt,801 Southside Toyota,Showroom,94323828,2013-02-27,13,20100317
20100316,7A063702H,Active,PTSE1A-00K005,Notebook,2010-12-20,Torque Ford North Lakes,820 Torque Ford,Service,94323827,2013-01-14,13,20100316
20100315,5A111931H,Active,PTSE1A-00K005,Notebook,2010-12-20,Austral VW Newstead,807 Austral Honda-VW,Showroom,94323826,2013-02-27,13,20100315
20100314,7A063717H,Active,PTSE1A-00K005,Notebook,2010-12-20,Eagers Kia Kedron,803 Eagers Misubishi&Kia,Showroom,94323825,2013-02-23,13,20100314
20100313,7A063135H,Active,PTSE1A-00K005,Notebook,2010-12-20,Torque Subaru Brendale,804 CAG Subaru,Showroom,94323824,2013-02-27,13,20100313
20100312,7A063719H,Active,PTSE1A-00K005,Notebook,2010-12-20,Subaru City Newstead,804 CAG Subaru,Sales,94323823,2013-02-15,13,20100312
20100311,8A062971H,Active,PTSE1A-00K005,Notebook,2010-12-20,Metro Ford Fortitude Valley,808 Metro,Showroom,94323822,2013-02-26,13,20100311
20100291,B098598/009,Active,Intel DH55,PC,2010-11-26,Subaru Toowong,804 CAG Subaru,Service,94323820,2013-02-27,13,20100291
20100290,B098598/008,Active,Intel DH55,PC,2010-11-26,Southside Honda Buranda,802 Southside Honda,Service,94323819,2013-02-27,13,20100290
20100289,B098598/007,Active,Intel DH55,PC,2010-11-26,Caloundra City Holden,837 Caloundra City Autos,Admin,94323818,2013-02-27,13,20100289
20100288,B098598/006,Active,Intel DH55,PC,2010-11-26,Metro Parts Eagle Farm,808 Metro,Parts,94323817,2013-02-27,13,20100288
20100287,B098598/005,Active,Intel DH55,PC,2010-11-26,IT Pinkenba,IT,IT,94323816,2013-02-26,13,20100287
20100286,B098598/004,Active,Intel DH55,PC,2010-11-26,Caloundra City Holden,837 Caloundra City Autos,Sales,94323815,2013-01-29,13,20100286
20100285,B098598/003,Active,Intel DH55,PC,2010-11-26,Metro Ford Fortitude Valley,808 Metro,Showroom,94323814,2013-02-27,13,20100285
20100284,B098598/002,Active,Intel DH55,PC,2010-11-26,Southside Ford Woolloongabba,808 Metro,Service,94323813,2013-02-27,13,20100284
20100283,B098598/001,Active,Intel DH55,PC,2010-11-26,Subaru Toowong,804 CAG Subaru,Service,94323812,2013-02-27,13,20100283
20100281,B098601/005,Active,Intel DH55,PC,2010-11-23,HVF Berrimah,815 AP Motor Group,Parts,94323811,2013-02-27,13,20100281
20100280,B098601/004,Active,Intel DH55,PC,2010-11-23,HVF Berrimah,815 AP Motor Group,Sales,94323810,2013-02-27,13,20100280
20100279,B098601/003,Active,Intel DH55,PC,2010-11-23,HVF Berrimah,815 AP Motor Group,Service,94323809,2013-02-27,13,20100279
20100278,B098601/002,Active,Intel DH55,PC,2010-11-23,HVF Berrimah,815 AP Motor Group,Showroom,94323808,2013-02-16,13,20100278
20100277,B098601/001,Active,Intel DH55,PC,2010-11-23,Bridge Toyota Darwin,814 Bridge Toyota Darwin,Showroom,94323807,2013-02-27,13,20100277
20100276,8A062835H,Active,PTSE1A-00K005,Notebook,2010-11-18,PAG Fortitude Valley,806 Austral PAG,Showroom,94323806,2013-02-27,13,20100276
20100270,8A062979H,Active,PTSE1A-00K005,Notebook,2010-11-18,PAG Fortitude Valley,806 Austral PAG,Showroom,94323805,2013-02-27,13,20100270
20100269,8A062963H,Active,PTSE1A-00K005,Notebook,2010-11-18,PAG Fortitude Valley,806 Austral PAG,Showroom,94323804,2013-02-26,13,20100269
20100268,7A063750H,Active,PTSE1A-00K005,Notebook,2010-11-18,Eagers Holden Windsor,836 Eagers Holden,Showroom,94323803,2013-02-27,13,20100268
20100267,7A062796H,Active,PTSE1A-00K005,Notebook,2010-11-18,Austral Honda Newstead,807 Austral Honda-VW,Sales,94323802,2013-02-27,13,20100267
20100266,7A062787H,Active,PTSE1A-00K005,Notebook,2010-11-18,Austral VW Newstead,807 Austral Honda-VW,Showroom,94323801,2013-02-27,13,20100266
20100255,B098499/010,Active,Intel DH55,PC,2010-11-08,Southside Toyota Mt Gravatt,801 Southside Toyota,Showroom,94323800,2013-02-26,13,20100255
20100254,B098499/009,Active,Intel DH55,PC,2010-11-08,Eagers Mitsubishi Newstead,803 Eagers Misubishi&Kia,Sales,94323799,2013-02-27,13,20100254
20100253,B098499/008,Active,Intel DH55,PC,2010-11-08,Austral PAG Fortitude Valley,806 Austral PAG,Showroom,94323798,2013-02-26,13,20100253
20100252,B098499/007,Active,Intel DH55,PC,2010-11-08,Eagers Mitsubishi Newstead,803 Eagers Misubishi&Kia,Showroom,94323797,2013-02-27,13,20100252
20100251,B098499/006,Active,Intel DH55,PC,2010-11-08,Eagers Holden Newstead,836 Eagers Holden,Service,94323796,2013-02-27,13,20100251
20100250,B098499/005,Active,Intel DH55,PC,2010-11-08,Southside Toyota Woolloongabba,801 Southside Toyota,Sales,94323795,2013-02-27,13,20100250
20100249,B098499/004,Active,Intel DH55,PC,2010-11-08,Metro Ford Fortitude Valley,808 Metro,Service,94323794,2013-02-27,13,20100249
20100248,B098499/003,Active,Intel DH55,PC,2010-11-08,Eagers Holden Windsor,836 Eagers Holden,Showroom,94323793,2013-02-27,13,20100248
20100247,B098499/002,Active,Intel DH55,PC,2010-11-08,AUS Curraminidi,827 Austral S-coast,Showroom,94323792,2013-02-27,13,20100247
20100245,7A062426H,Active,PTSE1A-00K005,Notebook,2010-11-05,Subaru City Newstead,804 CAG Subaru,Showroom,94323791,2013-02-25,13,20100245
20100242,7A062788H,Active,PTSE1A-00K005,Notebook,2010-11-05,Metro Ford Fortitude Valley,808 Metro,Admin,94323790,2013-02-15,13,20100242
20100240,7A062783H,Active,PTSE1A-00K005,Notebook,2010-11-05,Eagers Holden Windsor,836 Eagers Holden,Showroom,94323789,2013-02-27,13,20100240
20100239,7A063746H,Active,PTSE1A-00K005,Notebook,2010-11-05,Caloundra City Holden,837 Caloundra City Autos,Sales,94323788,2013-02-27,13,20100239
20100238,8A063023H,Active,PTSE1A-00K005,Notebook,2010-11-05,AUS Curraminidi,827 Austral S-coast,Showroom,94323787,2013-02-27,13,20100238
20100237,8A062829H,Active,PTSE1A-00K005,Notebook,2010-11-05,Metro Parts Eagle Farm,808 Metro,Parts,94323786,2013-02-27,13,20100237
20100236,8A063039H,Active,PTSE1A-00K005,Notebook,2010-11-05,Southside Toyota Woolloongabba,801 Southside Toyota,Showroom,94323785,2013-02-27,13,20100236
20100230,B098370/010,Active,Intel DH55,PC,2010-10-25,BMA Pinkenba,810 Brisbane Motor Auction,Discount Cars,94323784,2013-02-26,13,20100230
20100229,B098370/009,Active,Intel DH55,PC,2010-10-25,BMA Pinkenba,810 Brisbane Motor Auction,Showroom,94323783,2013-02-01,13,20100229
20100228,B098370/008,Active,Intel DH55,PC,2010-10-25,BMA Pinkenba,810 Brisbane Motor Auction,Showroom,94323782,2013-02-27,13,20100228
20100227,B098370/007,Active,Intel DH55,PC,2010-10-25,Metro Parts Eagle Farm,808 Metro,Parts,94323781,2013-02-27,13,20100227
20100225,B098370/005,Active,Intel DH55,PC,2010-10-25,Southside Honda Woolloongabba,802 Southside Honda,Sales,94323780,2013-02-27,13,20100225
20100224,B098370/004,Active,Intel DH55,PC,2010-10-25,Eagers Holden Newstead,836 Eagers Holden,Parts,94323779,2013-02-25,13,20100224
20100223,B098370/003,Active,Intel DH55,PC,2010-10-25,BMA Pinkenba,810 Brisbane Motor Auction,Sales,94323778,2013-02-27,13,20100223
20100222,B098370/002,Active,Intel DH55,PC,2010-10-25,Caloundra City Honda,837 Caloundra City Autos,Admin,94323777,2013-02-26,13,20100222
20100220,B098343/007,Active,Intel DH55,PC,2010-10-21,HVF Berrimah,815 AP Motor Group,Service,94323776,2013-02-27,13,20100220
20100217,B098343/004,Active,Intel DH55,PC,2010-10-21,HVF Berrimah,815 AP Motor Group,Service,94323775,2013-02-27,13,20100217
20100216,B098343/003,Active,Intel DH55,PC,2010-10-21,HVF Berrimah,815 AP Motor Group,Service,94323774,2013-02-27,13,20100216
20100215,B098343/002,Active,Intel DH55,PC,2010-10-21,HVF Berrimah,815 AP Motor Group,Parts,94323773,2013-02-26,13,20100215
20100214,B098343/001,Active,Intel DH55,PC,2010-10-21,HVF Berrimah,815 AP Motor Group,Parts,94323772,2013-02-27,13,20100214
20100213,8A063027H,Active,PTSE1A-00K005,Notebook,2010-10-20,Torque Ford North Lakes,820 Torque Ford,Service,94323771,2013-02-27,13,20100213
20100212,8A063035H,Active,PTSE1A-00K005,Notebook,2010-10-20,Eagers Holden Windsor,836 Eagers Holden,Customer Relations,94323770,2013-02-27,13,20100212
20100211,8A063025H,Active,PTSE1A-00K005,Notebook,2010-10-20,Torque Toyota North Lakes,809 Torque Toyota,Service,94323769,2013-02-27,13,20100211
20100210,8A062833H,Active,PTSE1A-00K005,Notebook,2010-10-20,Torque Ford North Lakes,820 Torque Ford,Sales,94323768,2013-02-27,13,20100210
20100209,8A063022H,Active,PTSE1A-00K005,Notebook,2010-10-20,Porsche Centre Brisbane Newstead,805 Austral Porsche,Showroom,94323767,2013-02-25,13,20100209
20100207,8A063028H,Active,PTSE1A-00K005,Notebook,2010-10-20,Porsche Centre Brisbane Newstead,805 Austral Porsche,Showroom,94323766,2013-02-27,13,20100207
20100201,7A059892H,Active,PTSE1A-00K005,Notebook,2010-10-15,HVF Berrimah,815 AP Motor Group,Sales,94323765,2013-02-27,13,20100201
20100162,B098034/002,Active,Intel DH55,PC,2010-09-21,Eagers Mazda Newstead,833 Eagers Mazda,Showroom,94323764,2013-02-27,13,20100162
20100159,7A064372H,Active,PTSE1A-00K005,Notebook,2010-09-15,Subaru Toowong,804 CAG Subaru,Sales,94323763,2013-02-27,13,20100159
20100157,7A063773H,Active,PTSE1A-00K005,Notebook,2010-09-15,PAG Fortitude Valley,806 Austral PAG,Showroom,94323762,2013-02-27,13,20100157
20100156,7A063777H,Active,PTSE1A-00K005,Notebook,2010-09-15,Porsche Centre Brisbane Newstead,805 Austral Porsche,Sales,94323761,2013-02-27,13,20100156
20100155,7A063763H,Active,PTSE1A-00K005,Notebook,2010-09-15,Metro Ford Fortitude Valley,808 Metro,Sales,94323760,2013-02-14,13,20100155
20100154,7A063764H,Active,PTSE1A-00K005,Notebook,2010-09-15,Subaru City Newstead,804 CAG Subaru,Admin,94323759,2013-02-27,13,20100154
20100114,7A063776H,Active,PTSE1A-00K005,Notebook,2010-08-26,Austral VW Newstead,807 Austral Honda-VW,Showroom,94323758,2013-02-27,13,20100114
20100113,7A063780H,Active,PTSE1A-00K005,Notebook,2010-08-26,Austral PAG Fortitude Valley,806 Austral PAG,Service,94323757,2013-02-22,13,20100113
20100112,5A111939H,Active,PTSE1A-00K005,Notebook,2010-08-26,Southside Toyota Woolloongabba,801 Southside Toyota,Parts,94323756,2013-02-27,13,20100112
20100111,5A111739H,Active,PTSE1A-00K005,Notebook,2010-08-26,Austral VW Newstead,807 Austral Honda-VW,Sales,94323755,2013-02-27,13,20100111
20100109,5A111937H,Active,PTSE1A-00K005,Notebook,2010-08-26,Torque Toyota Brendale,809 Torque Toyota,Sales,94323754,2013-02-27,13,20100109
20100090,5A111035H,Active,PTSE1A-00K005,Notebook,2010-08-10,Panel Shop Brendale,809 Torque Toyota,Service,94323753,2013-02-27,13,20100090
20100089,5A112244H,Active,PTSE1A-00K005,Notebook,2010-08-10,Torque Toyota North Lakes,809 Torque Toyota,Showroom,94323752,2013-02-26,13,20100089
20100087,5A112253H,Active,PTSE1A-00K005,Notebook,2010-08-10,Southside Toyota Mt Gravatt,801 Southside Toyota,Sales,94323751,2013-02-27,13,20100087
20100086,5A112257H,Active,PTSE1A-00K005,Notebook,2010-08-10,Southside Toyota Woolloongabba,801 Southside Toyota,Service,94323750,2013-02-27,13,20100086
20100085,5A112252H,Active,PTSE1A-00K005,Notebook,2010-08-10,Porsche Centre Brisbane Newstead,805 Austral Porsche,Showroom,94323749,2013-02-27,13,20100085
20100082,5A112254H,Active,PTSE1A-00K005,Notebook,2010-08-10,Torque Ford Strathpine,820 Torque Ford,Admin,94323748,2013-02-27,13,20100082
20100078,5A111936H,Active,PTSE1A-00K005,Notebook,2010-08-03,Torque Honda North Lakes,821 Torque Honda,Showroom,94323747,2013-02-27,13,20100078
20100077,5A111728H,Active,PTSE1A-00K005,Notebook,2010-08-03,Torque Honda North Lakes,821 Torque Honda,Sales,94323746,2013-02-27,13,20100077
20100074,5A111729H,Active,PTSE1A-00K005,Notebook,2010-08-03,Torque Toyota North Lakes,809 Torque Toyota,Sales,94323745,2013-02-27,13,20100074
20100073,5A111727H,Active,PTSE1A-00K005,Notebook,2010-08-03,Southside Ford Woolloongabba,808 Metro,Service,94323744,2013-02-25,13,20100073
20100071,5A112196H,Active,PTSE1A-00K005,Notebook,2010-07-31,Eagers Kia Kedron,803 Eagers Misubishi&Kia,Showroom,94323743,2013-02-27,13,20100071
20100068,5A112194H,Active,PTSE1A-00K005,Notebook,2010-07-31,Metro Ford Fortitude Valley,808 Metro,Showroom,94323742,2013-02-27,13,20100068
20100054,4A139776H,Active,PTSE1A-00K005,Notebook,2010-07-15,Torque Ford North Lakes,820 Torque Ford,Sales,94323741,2013-02-27,13,20100054
20100052,5A112186H,Active,PTSE1A-00K005,Notebook,2010-07-15,Eagers Holden Newstead,836 Eagers Holden,Parts,94323740,2013-02-27,13,20100052
20100051,5A112192H,Active,PTSE1A-00K005,Notebook,2010-07-15,Torque Ford North Lakes,820 Torque Ford,Unknown,94323739,2013-02-26,13,20100051
20100050,5A113405H,Active,PTSE1A-00K005,Notebook,2010-07-15,Porsche Centre Brisbane Newstead,805 Austral Porsche,Showroom,94323738,2013-02-27,13,20100050
20100027,4A139779H,Active,PTSE1A-00K005,Notebook,2010-07-07,Torque Toyota Brendale,809 Torque Toyota,Sales,94323737,2013-02-15,13,20100027
20100026,4A139778H,Active,PTSE1A-00K005,Notebook,2010-07-07,Torque Ford Strathpine,820 Torque Ford,Sales,94323736,2013-02-27,13,20100026
20100025,4A139770H,Active,PTSE1A-00K005,Notebook,2010-07-07,Torque Ford Strathpine,820 Torque Ford,Service,94323735,2013-02-27,13,20100025
20100020,4A139787H,Active,PTSE1A-00K005,Notebook,2010-07-07,HVF Berrimah,815 AP Motor Group,Sales,94323734,2013-02-27,13,20100020
20100018,4A139782H,Active,PTSE1A-00K005,Notebook,2010-07-07,Bridge Toyota Darwin,814 Bridge Toyota Darwin,Service,94323733,2013-02-27,13,20100018
20130006,7c032801h,Active,PT530A-00J001,Notebook,1970-01-01,Caloundra City Holden,837 Caloundra City Autos,Sales,94323732,2013-02-27,13,20130006
20130010,7c032828h,Active,PT530A-00J001,Notebook,1970-01-01,Caloundra City Holden,837 Caloundra City Autos,Sales,94323731,2013-02-27,13,20130010
20130013,7c031114h,Active,PT530A-00J001,Notebook,1970-01-01,Caloundra City Holden,837 Caloundra City Autos,Sales,94323730,2013-02-25,13,20130013
200800999,4A133051H,Active,PTSE1A-00K005,Notebook,2010-06-22,Torque Honda North Lakes,821 Torque Honda,Service,94323728,2013-02-27,13,200800999
200800992,4A133058H,Active,PTSE1A-00K005,Notebook,2010-06-21,HVF Berrimah,815 AP Motor Group,Sales,94323726,2013-02-27,13,200800992
200800991,4A133056H,Active,PTSE1A-00K005,Notebook,2010-06-21,Bridge Toyota Palmerston,814 Bridge Toyota Darwin,Sales,94323725,2013-01-24,13,200800991
200800990,4A133465H,Active,PTSE1A-00K005,Notebook,2010-06-22,Eagers Kia Kedron,803 Eagers Misubishi&Kia,Sales,94323724,2013-02-27,13,200800990
200800989,4A133059H,Active,PTSE1A-00K005,Notebook,2010-06-22,Austral PAG Fortitude Valley,806 Austral PAG,Admin,94323723,2013-02-27,13,200800989
200800988,4A133479H,Active,PTSE1A-00K005,Notebook,2010-06-22,Eagers Mazda Newstead,833 Eagers Mazda,Showroom,94323722,2013-02-27,13,200800988
200800970,2A135880H,Active,PTSE1A-00K005,Notebook,2010-06-07,Subaru Toowong,804 CAG Subaru,Showroom,94323720,2013-02-27,13,200800970
200800969,2A134405H,Active,PTSE1A-00K005,Notebook,2010-06-07,Caloundra City Holden,837 Caloundra City Autos,Sales,94323719,2013-01-29,13,200800969
200800966,1A109429H,Active,PTSE1A-00K005,Notebook,2010-05-28,Bridge Toyota Darwin,814 Bridge Toyota Darwin,Admin,94323718,2013-02-22,13,200800966
200800965,1A109423H,Active,PTSE1A-00K005,Notebook,2010-05-28,Bridge Toyota Darwin,814 Bridge Toyota Darwin,Sales,94323717,2013-02-25,13,200800965
200800964,2A060719H,Active,PTSE1A-00K005,Notebook,2010-05-28,Bridge Toyota Palmerston,814 Bridge Toyota Darwin,Showroom,94323716,2013-02-27,13,200800964
200800897,2A134154H,Active,PTSE1A-00K005,Notebook,2010-05-17,Austral VW Newstead,807 Austral Honda-VW,Showroom,94323714,2013-02-14,13,200800897
200800895,2A134149H,Active,PTSE1A-00K005,Notebook,2010-05-17,Subaru City Newstead,804 CAG Subaru,Service,94323713,2013-02-27,13,200800895
200800894,2A134152H,Active,PTSE1A-00K005,Notebook,2010-05-17,Austral PAG Fortitude Valley,806 Austral PAG,Showroom,94323712,2013-02-25,13,200800894
200800851,2A135334H,Active,PTSE1A-00K005,Notebook,2010-04-29,Bridge Toyota Palmerston,814 Bridge Toyota Darwin,Sales,94323711,2013-02-27,13,200800851
200800850,2A135109H,Active,PTSE1A-00K005,Notebook,2010-04-29,Bridge Toyota Darwin,814 Bridge Toyota Darwin,Sales,94323710,2013-02-26,13,200800850
200800849,2A135547H,Active,PTSE1A-00K005,Notebook,2010-04-29,Bridge Toyota Darwin,814 Bridge Toyota Darwin,Sales,94323709,2013-01-22,13,200800849
200800848,2A133640H,Active,PTSE1A-00K005,Notebook,2010-04-29,Metro Ford Fortitude Valley,808 Metro,Sales,94323708,2013-02-27,13,200800848
200800847,2A135346H,Active,PTSE1A-00K005,Notebook,2010-04-29,Metro Ford Fortitude Valley,808 Metro,Sales,94323707,2013-02-26,13,200800847
200800846,2A135346H,Active,PTSE1A-00K005,Notebook,2010-04-29,Southside Ford Woolloongabba,808 Metro,Service,94323706,2013-02-26,13,200800846
200800820,1A108518H,Active,PTSE1A-00K005,Notebook,2010-04-08,Eagers Mazda Newstead,833 Eagers Mazda,Showroom,94323705,2013-02-27,13,200800820
200800819,1A109043H,Active,PTSE1A-00K005,Notebook,2010-04-08,Metro Ford Fortitude Valley,808 Metro,Showroom,94323704,2013-02-27,13,200800819
200800817,1A108517H,Active,PTSE1A-00K005,Notebook,2010-04-08,Eagers Mazda Newstead,833 Eagers Mazda,Showroom,94323703,2013-02-27,13,200800817
200800764,1A110171H,Active,PTSE1A-00K005,Notebook,2010-03-19,Southside Toyota Woolloongabba,801 Southside Toyota,Parts,94323702,2013-02-25,13,200800764
200800762,1A107871H,Active,PTSE1A-00K005,Notebook,2010-03-19,Metro Ford Fortitude Valley,808 Metro,Showroom,94323701,2013-02-25,13,200800762
200800759,1A110159H,Active,PTSE1A-00K005,Notebook,2010-03-18,Bridge Toyota Darwin,814 Bridge Toyota Darwin,Sales,94323700,2013-02-26,13,200800759
200800758,1A063678H,Active,PTSE1A-00K005,Notebook,2010-03-09,Metro Ford Fortitude Valley,808 Metro,Service,94323699,2013-02-21,13,200800758
200800754,1A063690H,Active,PTSE1A-00K005,Notebook,2010-03-09,Metro Ford Fortitude Valley,808 Metro,Sales,94323698,2013-02-27,13,200800754
200800744,1A060197H,Active,PTSE1A-00K005,Notebook,2010-02-25,Torque Toyota North Lakes,809 Torque Toyota,Sales,94323697,2013-02-27,13,200800744
200800740,1A060184H,Active,PTSE1A-00K005,Notebook,2010-02-25,Subaru City Newstead,804 CAG Subaru,Admin,94323696,2013-02-27,13,200800740
200800739,1A060203H,Active,PTSE1A-00K005,Notebook,2010-02-25,IT Pinkenba,IT,IT,94323695,2013-02-27,13,200800739
200800719,79020719H,Active,PTSB0A-04L001,Notebook,2010-02-11,Austral VW Newstead,807 Austral Honda-VW,Showroom,94323693,2013-02-27,13,200800719
200800718,79020719H,Active,PTSB0A-04L001,Notebook,2010-02-11,Eagers Kia Kedron,803 Eagers Misubishi&Kia,Sales,94323692,2013-02-27,13,200800718
200800717,79043519H,Active,PTSB0A-04L001,Notebook,2010-02-11,AUS Curraminidi,827 Austral S-coast,Sales,94323691,2013-02-21,13,200800717
200800705,79020719H,Active,PTSB0A-04L001,Notebook,2010-01-20,Eagers Kia Kedron,803 Eagers Misubishi&Kia,Sales,94323689,2013-02-27,13,200800705
200800696,79029430H,Active,PTSB0A-04L001,Notebook,2010-01-20,Torque Toyota Brendale,809 Torque Toyota,Sales,94323688,2013-02-27,13,200800696
200800695,79029427H,Active,PTSB0A-04L001,Notebook,2010-01-20,Eagers Mitsubishi Newstead,803 Eagers Misubishi&Kia,Sales,94323687,2013-02-27,13,200800695
200800672,79043411H,Active,PTSB0A-04L001,Notebook,2009-12-04,Eagers Mazda Newstead,833 Eagers Mazda,Sales,94323685,2013-02-27,13,200800672
200800670,79043605H,Active,PTSB0A-04L001,Notebook,2009-12-04,Eagers Mitsubishi Newstead,803 Eagers Misubishi&Kia,Sales,94323684,2013-02-27,13,200800670
200800659,89045187H,Active,PTSB0A-04L001,Notebook,2009-11-23,Torque Toyota Brendale,809 Torque Toyota,Sales,94323683,2013-02-25,13,200800659
200800658,89045203H,Active,PTSB0A-04L001,Notebook,2009-11-23,Torque Toyota Brendale,809 Torque Toyota,Sales,94323682,2013-02-15,13,200800658
200800657,89045189H,Active,PTSB0A-04L001,Notebook,2009-11-23,Torque Toyota Brendale,809 Torque Toyota,Sales,94323681,2013-02-27,13,200800657
200800656,89045184H,Active,PTSB0A-04L001,Notebook,2009-11-23,Torque Toyota Brendale,809 Torque Toyota,Service,94323680,2013-02-25,13,200800656
200800654,29059535H,Active,PTSB0A-020001,Notebook,2009-11-12,Austral PAG Fortitude Valley,806 Austral PAG,Sales,94323679,2013-02-27,13,200800654
200800628,79043161H,Active,PTSB0A-002001,Notebook,2009-09-29,IT Brisbane,IT,IT,94323677,2013-01-18,13,200800628
200800625,79042917H,Active,PTSB0A-002001,Notebook,2009-09-29,Torque Toyota North Lakes,809 Torque Toyota,Sales,94323676,2013-02-27,13,200800625
200800484,29025474H,Active,PTSB0A-002001,Notebook,2009-07-22,Austral Honda Newstead,807 Austral Honda-VW,Service,94323675,2013-02-25,13,200800484
200800358,78061396H,Active,PTSBOA-006001,Notebook,2008-12-01,Eagers Holden Windsor,836 Eagers Holden,Showroom,94323674,2013-02-26,13,200800358
